route,family,h1,canonical,raw_bytes_before,raw_bytes_after,gzip_estimate_before,gzip_estimate_after
/404/,authored,This page doesn't exist.,https://www.scholarab.ca/404/,52323,37563,10505,7975
/about/,authored,The story behind ScholarAB,https://www.scholarab.ca/about/,54508,39400,11698,9014
/credits/,authored,Photo credits,https://www.scholarab.ca/credits/,75010,60250,13523,11097
/deadlines/,authored,"Alberta scholarship deadlines, month by month",https://www.scholarab.ca/deadlines/,560356,545596,65878,63634
/educators/,authored,For counsellors and teachers,https://www.scholarab.ca/educators/,53068,38321,10831,8321
/guides/alberta-scholarship-deadlines-by-month/,guide,"Alberta scholarship deadlines, month by month",https://www.scholarab.ca/guides/alberta-scholarship-deadlines-by-month/,63375,48052,15022,11956
/guides/alexander-rutherford-scholarship-guide/,guide,Alexander Rutherford Scholarship: amounts and how to apply,https://www.scholarab.ca/guides/alexander-rutherford-scholarship-guide/,61883,46537,14334,11326
/guides/chemistry-competitions-canada/,guide,Chemistry competitions in Canada: the CCC and CCO ladder,https://www.scholarab.ca/guides/chemistry-competitions-canada/,59514,44389,13573,10332
/guides/dead-scholarships-alberta-counsellor-lists/,guide,Nine dead scholarships still on Alberta counsellor lists,https://www.scholarab.ca/guides/dead-scholarships-alberta-counsellor-lists/,61775,46499,14610,11736
/guides/grade-11-scholarship-timeline/,guide,Why Grade 11 is the best time to start on scholarships,https://www.scholarab.ca/guides/grade-11-scholarship-timeline/,56172,41196,12380,9439
/guides/high-school-computing-programs-alberta/,guide,Computing contests and camps in Alberta,https://www.scholarab.ca/guides/high-school-computing-programs-alberta/,61721,46565,14286,11217
/guides/high-school-research-programs-alberta/,guide,Research programs for Alberta students: who pays,https://www.scholarab.ca/guides/high-school-research-programs-alberta/,62587,47468,14390,11219
/guides/how-to-write-a-scholarship-essay/,guide,How to write a scholarship essay that gets read,https://www.scholarab.ca/guides/how-to-write-a-scholarship-essay/,63446,48347,15319,12434
/guides/,authored,Guides for Alberta students,https://www.scholarab.ca/guides/,60106,45268,12117,9370
/guides/local-scholarships-better-odds/,guide,"Local scholarships: smaller awards, much better odds",https://www.scholarab.ca/guides/local-scholarships-better-odds/,59772,44739,13229,10295
/guides/loran-award-guide/,guide,Loran Award: what it pays and how to apply,https://www.scholarab.ca/guides/loran-award-guide/,58982,43735,13547,10396
/guides/medical-experience-high-school-alberta/,guide,How to get medical experience in high school,https://www.scholarab.ca/guides/medical-experience-high-school-alberta/,61518,46084,14228,10928
/guides/reference-letters-for-scholarships/,guide,How to ask for a scholarship reference letter,https://www.scholarab.ca/guides/reference-letters-for-scholarships/,56544,41319,12648,9489
/guides/scholarships-for-grade-12-students-alberta/,guide,Grade 12 scholarship timeline for Alberta students,https://www.scholarab.ca/guides/scholarships-for-grade-12-students-alberta/,64279,48854,15155,12114
/guides/scholarships-for-lethbridge-students/,guide,Scholarships for Lethbridge students,https://www.scholarab.ca/guides/scholarships-for-lethbridge-students/,63852,48570,14571,11421
/guides/scholarships-for-medicine-hat-students/,guide,Scholarships for Medicine Hat students,https://www.scholarab.ca/guides/scholarships-for-medicine-hat-students/,61781,46386,13784,10706
/guides/scholarships-for-red-deer-students/,guide,Scholarships for Red Deer students,https://www.scholarab.ca/guides/scholarships-for-red-deer-students/,63682,48348,14703,11478
/guides/trades-scholarships-rap-alberta/,guide,Trades scholarships and RAP in Alberta,https://www.scholarab.ca/guides/trades-scholarships-rap-alberta/,59587,44460,13199,10037
/guides/volunteering-alberta-high-school/,guide,Volunteering for Alberta high school students,https://www.scholarab.ca/guides/volunteering-alberta-high-school/,59416,44182,13745,10513
/,authored,Making scholarships and programs easier to find for Alberta students,https://www.scholarab.ca/,94664,79904,15168,12958
/match/,authored,Find your match,https://www.scholarab.ca/match/,54592,39832,11655,9125
/offline.html,authored,You're offline,,1222,1222,697,697
/privacy/,authored,"What we keep, and what we don't.",https://www.scholarab.ca/privacy/,66383,51436,14424,12166
/programs/4-h-alberta-senior-program/,listing,4-H Alberta Senior Program,https://www.scholarab.ca/programs/4-h-alberta-senior-program/,59784,45025,11967,9431
/programs/aapt-physicsbowl/,listing,AAPT PhysicsBowl,https://www.scholarab.ca/programs/aapt-physicsbowl/,59483,44724,11911,9376
/programs/agriculture-in-the-classroom-canada-aitc/,listing,Agriculture in the Classroom Canada (AITC),https://www.scholarab.ca/programs/agriculture-in-the-classroom-canada-aitc/,59458,44699,11789,9221
/programs/ahs-youth-volunteer-research-programs/,listing,AHS Youth Volunteer & Research Programs,https://www.scholarab.ca/programs/ahs-youth-volunteer-research-programs/,59728,44969,11875,9336
/programs/alberta-aviation-museum-youth-volunteer-program/,listing,Alberta Aviation Museum Youth Volunteer Program,https://www.scholarab.ca/programs/alberta-aviation-museum-youth-volunteer-program/,59085,44326,11684,9155
/programs/alberta-ballet-school-summer-intensive/,listing,Alberta Ballet School Summer Intensive,https://www.scholarab.ca/programs/alberta-ballet-school-summer-intensive/,59558,44799,11870,9361
/programs/alberta-computers-for-schools-cfs-internship/,listing,Alberta Computers for Schools – CFS+ Internship,https://www.scholarab.ca/programs/alberta-computers-for-schools-cfs-internship/,59380,44621,11712,9152
/programs/alberta-debate-and-speech-association-tournaments/,listing,Alberta Debate and Speech Association Tournaments,https://www.scholarab.ca/programs/alberta-debate-and-speech-association-tournaments/,59884,45125,11957,9400
/programs/alberta-envirothon/,listing,Alberta Envirothon,https://www.scholarab.ca/programs/alberta-envirothon/,59014,44255,11764,9264
/programs/alberta-high-school-drama-festival/,listing,Alberta High School Drama Festival,https://www.scholarab.ca/programs/alberta-high-school-drama-festival/,59629,44870,11841,9323
/programs/alberta-high-school-mathematics-competition-ahsmc/,listing,Alberta High School Mathematics Competition (AHSMC),https://www.scholarab.ca/programs/alberta-high-school-mathematics-competition-ahsmc/,60125,45366,12005,9407
/programs/alberta-honour-wind-ensemble/,listing,Alberta Honour Wind Ensemble,https://www.scholarab.ca/programs/alberta-honour-wind-ensemble/,59499,44740,11849,9347
/programs/alberta-innovates-hyrs-university-of-alberta/,listing,Alberta Innovates HYRS: University of Alberta,https://www.scholarab.ca/programs/alberta-innovates-hyrs-university-of-alberta/,59783,45024,11853,9280
/programs/alberta-innovates-hyrs-university-of-calgary/,listing,Alberta Innovates HYRS: University of Calgary,https://www.scholarab.ca/programs/alberta-innovates-hyrs-university-of-calgary/,59868,45109,11850,9326
/programs/alberta-innovates-hyrs-university-of-lethbridge/,listing,Alberta Innovates HYRS: University of Lethbridge,https://www.scholarab.ca/programs/alberta-innovates-hyrs-university-of-lethbridge/,62513,47754,12580,10051
/programs/alberta-innovates-summer-research-studentships-university-of-calgary/,listing,Alberta Innovates Summer Research Studentships – University of Calgary,https://www.scholarab.ca/programs/alberta-innovates-summer-research-studentships-university-of-calgary/,62647,47888,12605,10051
/programs/alberta-junior-forest-rangers-jfr/,listing,Alberta Junior Forest Rangers (JFR),https://www.scholarab.ca/programs/alberta-junior-forest-rangers-jfr/,59284,44525,11814,9234
/programs/alberta-junior-forest-wardens/,listing,Alberta Junior Forest Wardens,https://www.scholarab.ca/programs/alberta-junior-forest-wardens/,59191,44432,11789,9273
/programs/alberta-provincial-music-festival/,listing,Alberta Provincial Music Festival,https://www.scholarab.ca/programs/alberta-provincial-music-festival/,59461,44702,11758,9239
/programs/alberta-student-leadership-conference-aslc/,listing,Alberta Student Leadership Conference (ASLC),https://www.scholarab.ca/programs/alberta-student-leadership-conference-aslc/,60282,45523,12113,9553
/programs/alberta-university-of-the-arts-pre-college-programs/,listing,Alberta University of the Arts – Pre-College Programs,https://www.scholarab.ca/programs/alberta-university-of-the-arts-pre-college-programs/,59624,44865,11868,9319
/programs/alberta-youth-choir/,listing,Alberta Youth Choir,https://www.scholarab.ca/programs/alberta-youth-choir/,61729,46970,12376,9866
/programs/alberta-youth-leaders-for-environmental-education-aylee/,listing,Alberta Youth Leaders for Environmental Education (AYLEE),https://www.scholarab.ca/programs/alberta-youth-leaders-for-environmental-education-aylee/,59800,45041,11958,9406
/programs/alberta-youth-parliament-tuxis-parliament-of-alberta/,listing,Alberta Youth Parliament (TUXIS Parliament of Alberta),https://www.scholarab.ca/programs/alberta-youth-parliament-tuxis-parliament-of-alberta/,59800,45041,11831,9274
/programs/amc-10-and-amc-12-american-mathematics-competitions/,listing,AMC 10 and AMC 12 (American Mathematics Competitions),https://www.scholarab.ca/programs/amc-10-and-amc-12-american-mathematics-competitions/,62873,48114,12770,10489
/programs/amii-k-12-ai-literacy/,listing,Amii K-12 AI Literacy,https://www.scholarab.ca/programs/amii-k-12-ai-literacy/,59772,45013,11921,9374
/programs/apega-science-olympics/,listing,APEGA Science Olympics,https://www.scholarab.ca/programs/apega-science-olympics/,59222,44463,11801,9228
/programs/apple-swift-student-challenge/,listing,Apple Swift Student Challenge,https://www.scholarab.ca/programs/apple-swift-student-challenge/,59403,44644,11806,9244
/programs/avogadro-chemistry-exam/,listing,Avogadro Chemistry Exam,https://www.scholarab.ca/programs/avogadro-chemistry-exam/,61846,47087,12484,9957
/programs/awesomemath-summer-program/,listing,AwesomeMath Summer Program,https://www.scholarab.ca/programs/awesomemath-summer-program/,59413,44654,11901,9403
/programs/beaver-computing-challenge/,listing,Beaver Computing Challenge,https://www.scholarab.ca/programs/beaver-computing-challenge/,61961,47202,12552,10010
/programs/bioengineering-summer-institute-university-of-calgary/,listing,Bioengineering Summer Institute – University of Calgary,https://www.scholarab.ca/programs/bioengineering-summer-institute-university-of-calgary/,59961,45202,11898,9347
/programs/blue-ocean-student-entrepreneur-competition/,listing,Blue Ocean Student Entrepreneur Competition,https://www.scholarab.ca/programs/blue-ocean-student-entrepreneur-competition/,62031,47272,12430,9924
/programs/blue-planet-awareness-contest-bow-seat/,listing,Blue Planet Awareness Contest (Bow Seat),https://www.scholarab.ca/programs/blue-planet-awareness-contest-bow-seat/,62248,47489,12570,10037
/programs/blueprint-university-of-toronto/,listing,Blueprint – University of Toronto,https://www.scholarab.ca/programs/blueprint-university-of-toronto/,59502,44743,11814,9237
/programs/bold-eagle-canadian-armed-forces/,listing,Bold Eagle – Canadian Armed Forces,https://www.scholarab.ca/programs/bold-eagle-canadian-armed-forces/,59816,45057,11999,9469
/programs/bow-valley-college-dual-credit/,listing,Bow Valley College Dual Credit,https://www.scholarab.ca/programs/bow-valley-college-dual-credit/,59468,44709,11841,9354
/programs/breakthrough-junior-challenge/,listing,Breakthrough Junior Challenge,https://www.scholarab.ca/programs/breakthrough-junior-challenge/,59269,44510,11778,9255
/programs/calgary-collegiate-programming-contest-ccpc/,listing,Calgary Collegiate Programming Contest (CCPC),https://www.scholarab.ca/programs/calgary-collegiate-programming-contest-ccpc/,59600,44841,11762,9228
/programs/calgary-performing-arts-festival-cpaf/,listing,Calgary Performing Arts Festival (CPAF),https://www.scholarab.ca/programs/calgary-performing-arts-festival-cpaf/,62107,47348,12566,10054
/programs/calgary-police-cadet-corps/,listing,Calgary Police Cadet Corps,https://www.scholarab.ca/programs/calgary-police-cadet-corps/,59459,44700,11866,9350
/programs/calgary-stampede-showband/,listing,Calgary Stampede Showband,https://www.scholarab.ca/programs/calgary-stampede-showband/,59666,44907,11887,9398
/programs/calgary-young-peoples-theatre-cypt/,listing,Calgary Young People's Theatre (CYPT),https://www.scholarab.ca/programs/calgary-young-peoples-theatre-cypt/,59476,44717,11863,9343
/programs/calgary-youth-orchestra/,listing,Calgary Youth Orchestra,https://www.scholarab.ca/programs/calgary-youth-orchestra/,59467,44708,11867,9351
/programs/calgary-youth-science-fair-cysf/,listing,Calgary Youth Science Fair (CYSF),https://www.scholarab.ca/programs/calgary-youth-science-fair-cysf/,62025,47266,12520,10017
/programs/calgaryedmonton-brain-bee/,listing,Calgary/Edmonton Brain Bee,https://www.scholarab.ca/programs/calgaryedmonton-brain-bee/,59462,44703,11807,9275
/programs/calgaryhacks/,listing,CalgaryHacks,https://www.scholarab.ca/programs/calgaryhacks/,59157,44398,11824,9305
/programs/canada-learning-code-teen-programs/,listing,Canada Learning Code – Teen Programs,https://www.scholarab.ca/programs/canada-learning-code-teen-programs/,59321,44302,11806,9229
/programs/canada-service-corps/,listing,Canada Service Corps,https://www.scholarab.ca/programs/canada-service-corps/,59164,44405,11776,9239
/programs/canada-wide-science-fair-cwsf/,listing,Canada-Wide Science Fair (CWSF),https://www.scholarab.ca/programs/canada-wide-science-fair-cwsf/,59270,44511,11790,9243
/programs/canadausa-mathcamp/,listing,Canada/USA Mathcamp,https://www.scholarab.ca/programs/canadausa-mathcamp/,59410,44651,11958,9444
/programs/canadian-astronomy-and-astrophysics-olympiad-caao/,listing,Canadian Astronomy and Astrophysics Olympiad (CAAO),https://www.scholarab.ca/programs/canadian-astronomy-and-astrophysics-olympiad-caao/,59616,44857,11830,9282
/programs/canadian-biology-olympiad-cbo/,listing,Canadian Biology Olympiad (CBO),https://www.scholarab.ca/programs/canadian-biology-olympiad-cbo/,59423,44664,11777,9240
/programs/canadian-cadet-program-air-army-and-sea-cadets/,listing,"Canadian Cadet Program (Air, Army and Sea Cadets)",https://www.scholarab.ca/programs/canadian-cadet-program-air-army-and-sea-cadets/,59735,44976,11942,9386
/programs/canadian-chemistry-olympiad-cco/,listing,Canadian Chemistry Olympiad (CCO),https://www.scholarab.ca/programs/canadian-chemistry-olympiad-cco/,62371,47612,12562,10046
/programs/canadian-computing-competition-ccc/,listing,Canadian Computing Competition (CCC),https://www.scholarab.ca/programs/canadian-computing-competition-ccc/,62095,47336,12518,9951
/programs/canadian-economics-olympiad-ceo/,listing,Canadian Economics Olympiad (CEO),https://www.scholarab.ca/programs/canadian-economics-olympiad-ceo/,59474,44715,11750,9248
/programs/canadian-geographic-challenge/,listing,Canadian Geographic Challenge,https://www.scholarab.ca/programs/canadian-geographic-challenge/,59931,45172,11956,9408
/programs/canadian-high-schools-model-united-nations-cahsmun/,listing,Canadian High Schools Model United Nations (CAHSMUN),https://www.scholarab.ca/programs/canadian-high-schools-model-united-nations-cahsmun/,59677,44918,11885,9352
/programs/canadian-improv-games-alberta/,listing,Canadian Improv Games – Alberta,https://www.scholarab.ca/programs/canadian-improv-games-alberta/,59399,44640,11779,9253
/programs/canadian-math-kangaroo-contest/,listing,Canadian Math Kangaroo Contest,https://www.scholarab.ca/programs/canadian-math-kangaroo-contest/,59530,44771,11925,9429
/programs/canadian-music-competition-cmc-calgary-chapter/,listing,Canadian Music Competition (CMC) – Calgary Chapter,https://www.scholarab.ca/programs/canadian-music-competition-cmc-calgary-chapter/,59967,45208,11940,9406
/programs/canadian-open-mathematics-challenge-comc/,listing,Canadian Open Mathematics Challenge (COMC),https://www.scholarab.ca/programs/canadian-open-mathematics-challenge-comc/,61923,47164,12335,9810
/programs/canadian-physics-olympiad-cpho/,listing,Canadian Physics Olympiad (CPhO),https://www.scholarab.ca/programs/canadian-physics-olympiad-cpho/,59908,45149,11958,9425
/programs/canadian-senior-and-intermediate-mathematics-contests/,listing,Canadian Senior and Intermediate Mathematics Contests,https://www.scholarab.ca/programs/canadian-senior-and-intermediate-mathematics-contests/,62305,47546,12570,10012
/programs/canadian-severe-storms-laboratory-internship-western-university/,listing,Canadian Severe Storms Laboratory Internship – Western University,https://www.scholarab.ca/programs/canadian-severe-storms-laboratory-internship-western-university/,60161,45402,12029,9491
/programs/canadian-sport-institute-calgary-youth-seminars/,listing,Canadian Sport Institute Calgary – Youth Seminars,https://www.scholarab.ca/programs/canadian-sport-institute-calgary-youth-seminars/,59413,44654,11727,9156
/programs/canadian-student-leadership-conference-cslc/,listing,Canadian Student Leadership Conference (CSLC),https://www.scholarab.ca/programs/canadian-student-leadership-conference-cslc/,59620,44861,11833,9319
/programs/canadian-team-mathematics-contest/,listing,Canadian Team Mathematics Contest,https://www.scholarab.ca/programs/canadian-team-mathematics-contest/,62040,47281,12421,9878
/programs/cansat-design-challenge/,listing,CanSat Design Challenge,https://www.scholarab.ca/programs/cansat-design-challenge/,59543,44784,11989,9467
/programs/cap-high-school-prize-exam/,listing,CAP High School Prize Exam,https://www.scholarab.ca/programs/cap-high-school-prize-exam/,59141,44382,11722,9142
/programs/careers-the-next-generation-high-school-internships/,listing,CAREERS: The Next Generation – High School Internships,https://www.scholarab.ca/programs/careers-the-next-generation-high-school-internships/,59939,45180,11873,9288
/programs/caring-for-our-watersheds-alberta/,listing,Caring for our Watersheds – Alberta,https://www.scholarab.ca/programs/caring-for-our-watersheds-alberta/,59323,44564,11783,9226
/programs/cemc-math-circles-online/,listing,CEMC Math Circles – Online,https://www.scholarab.ca/programs/cemc-math-circles-online/,59347,44588,11881,9345
/programs/central-alberta-regional-science-fair-carsf/,listing,Central Alberta Regional Science Fair (CARSF),https://www.scholarab.ca/programs/central-alberta-regional-science-fair-carsf/,59703,44944,11777,9221
/programs/centre-for-health-informatics-summer-studentship-university-of-calgary/,listing,Centre for Health Informatics Summer Studentship – University of Calgary,https://www.scholarab.ca/programs/centre-for-health-informatics-summer-studentship-university-of-calgary/,60003,45244,11824,9285
/programs/cern-beamline-for-schools-bl4s/,listing,CERN Beamline for Schools (BL4S),https://www.scholarab.ca/programs/cern-beamline-for-schools-bl4s/,59323,44564,11828,9262
/programs/chem-13-news-chemistry-exam/,listing,Chem 13 News Chemistry Exam,https://www.scholarab.ca/programs/chem-13-news-chemistry-exam/,61806,47047,12485,9959
/programs/child-and-youth-advisory-council-cayac-alberta-childrens-hospital/,listing,Child and Youth Advisory Council (CAYAC) – Alberta Children's Hospital,https://www.scholarab.ca/programs/child-and-youth-advisory-council-cayac-alberta-childrens-hospital/,60163,45404,11992,9438
/programs/cisco-networking-academy-high-school-stream/,listing,Cisco Networking Academy – High School Stream,https://www.scholarab.ca/programs/cisco-networking-academy-high-school-stream/,59542,44783,11867,9290
/programs/city-of-edmonton-youth-council/,listing,City of Edmonton Youth Council,https://www.scholarab.ca/programs/city-of-edmonton-youth-council/,59961,45008,11971,9455
/programs/clubs/,directory,Clubs and year-round programs,https://www.scholarab.ca/programs/clubs/,182250,140665,30520,25008
/programs/cmhf-discovery-days-in-health-sciences/,listing,CMHF Discovery Days in Health Sciences,https://www.scholarab.ca/programs/cmhf-discovery-days-in-health-sciences/,59655,44896,11830,9256
/programs/competitions/,directory,Competitions and challenges,https://www.scholarab.ca/programs/competitions/,209206,163128,34346,28046
/programs/computing/,directory,Computing and CS programs,https://www.scholarab.ca/programs/computing/,129260,98906,22391,18400
/programs/conferences/,directory,Conferences and workshops,https://www.scholarab.ca/programs/conferences/,133104,101059,23031,18779
/programs/conrad-challenge/,listing,Conrad Challenge,https://www.scholarab.ca/programs/conrad-challenge/,61551,46792,12449,9921
/programs/conservation-champions-club-calgary-zoo/,listing,Conservation Champions Club – Calgary Zoo,https://www.scholarab.ca/programs/conservation-champions-club-calgary-zoo/,61825,47066,12467,9953
/programs/cubes-in-space/,listing,Cubes in Space,https://www.scholarab.ca/programs/cubes-in-space/,59568,44809,11977,9473
/programs/cybermentors-university-of-calgary/,listing,Cybermentors – University of Calgary,https://www.scholarab.ca/programs/cybermentors-university-of-calgary/,59189,44236,11685,9086
/programs/cybersci-cyber-security-challenge-canada-high-school/,listing,CyberSci – Cyber Security Challenge Canada (High School),https://www.scholarab.ca/programs/cybersci-cyber-security-challenge-canada-high-school/,59700,44747,11783,9201
/programs/cybertitan-national-cybersecurity-competition/,listing,CyberTitan – National Cybersecurity Competition,https://www.scholarab.ca/programs/cybertitan-national-cybersecurity-competition/,59747,44988,11815,9264
/programs/deep-summer-academy-university-of-toronto/,listing,DEEP Summer Academy – University of Toronto,https://www.scholarab.ca/programs/deep-summer-academy-university-of-toronto/,59605,44846,11773,9188
/programs/destination-exploration-university-of-lethbridge/,listing,Destination Exploration – University of Lethbridge,https://www.scholarab.ca/programs/destination-exploration-university-of-lethbridge/,59597,44838,11790,9231
/programs/diamond-challenge-high-school-entrepreneurship/,listing,Diamond Challenge – High School Entrepreneurship,https://www.scholarab.ca/programs/diamond-challenge-high-school-entrepreneurship/,62273,47514,12587,10046
/programs/dual-credit/,directory,Dual credit and work experience,https://www.scholarab.ca/programs/dual-credit/,104216,78058,18689,15208
/programs/dual-credit-medicine-hat-public-school-division/,listing,Dual Credit – Medicine Hat Public School Division,https://www.scholarab.ca/programs/dual-credit-medicine-hat-public-school-division/,59585,44826,11771,9192
/programs/edmonton-music-speech-arts-festival-emsaf/,listing,Edmonton Music & Speech Arts Festival (EMSAF),https://www.scholarab.ca/programs/edmonton-music-speech-arts-festival-emsaf/,59977,45218,12027,9496
/programs/edmonton-regional-science-fair-ersf/,listing,Edmonton Regional Science Fair (ERSF),https://www.scholarab.ca/programs/edmonton-regional-science-fair-ersf/,59562,44803,11788,9260
/programs/edmonton-youth-orchestra/,listing,Edmonton Youth Orchestra,https://www.scholarab.ca/programs/edmonton-youth-orchestra/,59565,44806,11838,9349
/programs/elite-program-for-black-youth/,listing,ELITE Program for Black Youth,https://www.scholarab.ca/programs/elite-program-for-black-youth/,59079,44320,11805,9260
/programs/engineering/,directory,Engineering programs and camps,https://www.scholarab.ca/programs/engineering/,107586,80954,19594,15997
/programs/enrichment/,directory,Enrichment programs,https://www.scholarab.ca/programs/enrichment/,202766,156475,33299,27161
/programs/euclid-mathematics-contest/,listing,Euclid Mathematics Contest,https://www.scholarab.ca/programs/euclid-mathematics-contest/,62220,47461,12557,10003
/programs/european-astro-pi-challenge-mission-space-lab/,listing,European Astro Pi Challenge – Mission Space Lab,https://www.scholarab.ca/programs/european-astro-pi-challenge-mission-space-lab/,62258,47499,12581,10020
/programs/experiences-canada-group-exchanges/,listing,Experiences Canada Group Exchanges,https://www.scholarab.ca/programs/experiences-canada-group-exchanges/,59684,44925,11971,9445
/programs/explore-french-immersion-bursary/,listing,Explore French Immersion Bursary,https://www.scholarab.ca/programs/explore-french-immersion-bursary/,60065,45306,12035,9457
/programs/fem-engineering-mentorship-program/,listing,FEM+ Engineering Mentorship Program,https://www.scholarab.ca/programs/fem-engineering-mentorship-program/,62149,47390,12539,10007
/programs/first-robotics-competition-frc-canadian-rockies-region/,listing,FIRST Robotics Competition (FRC) – Canadian Rockies Region,https://www.scholarab.ca/programs/first-robotics-competition-frc-canadian-rockies-region/,59721,44962,11890,9303
/programs/first-tech-challenge-ftc-alberta/,listing,FIRST Tech Challenge (FTC) – Alberta,https://www.scholarab.ca/programs/first-tech-challenge-ftc-alberta/,59535,44776,11862,9296
/programs/focused-ultrasound-high-school-summer-research-program-sunnybrook/,listing,Focused Ultrasound High School Summer Research Program – Sunnybrook,https://www.scholarab.ca/programs/focused-ultrasound-high-school-summer-research-program-sunnybrook/,59925,45166,11888,9353
/programs/forum-for-young-canadians/,listing,Forum for Young Canadians,https://www.scholarab.ca/programs/forum-for-young-canadians/,59239,44480,11764,9236
/programs/fryer-galois-and-hypatia-mathematics-contests/,listing,"Fryer, Galois and Hypatia Mathematics Contests",https://www.scholarab.ca/programs/fryer-galois-and-hypatia-mathematics-contests/,62161,47402,12543,9998
/programs/future-creators-university-of-alberta/,listing,Future Creators – University of Alberta,https://www.scholarab.ca/programs/future-creators-university-of-alberta/,59457,44698,11816,9270
/programs/genius-olympiad/,listing,GENIUS Olympiad,https://www.scholarab.ca/programs/genius-olympiad/,61821,47062,12535,10028
/programs/girls-who-code-canada-summer-programs/,listing,Girls Who Code Canada – Summer Programs,https://www.scholarab.ca/programs/girls-who-code-canada-summer-programs/,59195,44436,11757,9242
/programs/grande-prairie-and-district-music-festival/,listing,Grande Prairie and District Music Festival,https://www.scholarab.ca/programs/grande-prairie-and-district-music-festival/,62396,47637,12529,10027
/programs/green-certificate-program/,listing,Green Certificate Program,https://www.scholarab.ca/programs/green-certificate-program/,59377,44618,11799,9295
/programs/greenlearning-innovation-challenges/,listing,GreenLearning Innovation Challenges,https://www.scholarab.ca/programs/greenlearning-innovation-challenges/,59557,44798,11824,9280
/programs/hack-club/,listing,Hack Club,https://www.scholarab.ca/programs/hack-club/,58907,44148,11719,9234
/programs/hack-the-north-high-school-track/,listing,Hack the North – High School Track,https://www.scholarab.ca/programs/hack-the-north-high-school-track/,59343,44584,11750,9161
/programs/hackergal-national-ambassador-program/,listing,Hackergal National Ambassador Program,https://www.scholarab.ca/programs/hackergal-national-ambassador-program/,59769,45010,11899,9368
/programs/harvard-summer-school-secondary-school-program/,listing,Harvard Summer School Secondary School Program,https://www.scholarab.ca/programs/harvard-summer-school-secondary-school-program/,62183,47424,12464,9956
/programs/health/,directory,Health and medicine programs,https://www.scholarab.ca/programs/health/,123495,93934,21197,17405
/programs/healthcare-career-exploration-camp-alberta-health-services/,listing,Healthcare Career Exploration Camp – Alberta Health Services,https://www.scholarab.ca/programs/healthcare-career-exploration-camp-alberta-health-services/,59934,45175,11896,9376
/programs/high-school-model-un-university-of-calgary/,listing,High School Model UN – University of Calgary,https://www.scholarab.ca/programs/high-school-model-un-university-of-calgary/,60036,45277,11967,9410
/programs/high-school-model-united-nations-university-of-alberta-hsmun/,listing,High School Model United Nations – University of Alberta (HSMUN),https://www.scholarab.ca/programs/high-school-model-united-nations-university-of-alberta-hsmun/,62478,47719,12574,10039
/programs/himcm-high-school-mathematical-contest-in-modeling/,listing,HiMCM – High School Mathematical Contest in Modeling,https://www.scholarab.ca/programs/himcm-high-school-mathematical-contest-in-modeling/,59778,45019,12018,9474
/programs/historica-canada-heritage-fairs-young-citizens/,listing,Historica Canada – Heritage Fairs & Young Citizens,https://www.scholarab.ca/programs/historica-canada-heritage-fairs-young-citizens/,59597,44838,11852,9309
/programs/hosa-canada-future-health-professionals/,listing,HOSA Canada – Future Health Professionals,https://www.scholarab.ca/programs/hosa-canada-future-health-professionals/,62711,47952,12658,10387
/programs/house-of-commons-page-program/,listing,House of Commons Page Program,https://www.scholarab.ca/programs/house-of-commons-page-program/,60322,45563,12146,9583
/programs/ibm-skillsbuild-for-high-school/,listing,IBM SkillsBuild for High School,https://www.scholarab.ca/programs/ibm-skillsbuild-for-high-school/,59222,44463,11776,9237
/programs/igem-high-school-competition/,listing,iGEM High School Competition,https://www.scholarab.ca/programs/igem-high-school-competition/,59280,44521,11805,9253
/programs/immerse-education-virtual-summer-school-research-track/,listing,Immerse Education Virtual Summer School – Research Track,https://www.scholarab.ca/programs/immerse-education-virtual-summer-school-research-track/,59452,44693,11782,9217
/programs/,directory,All programs,https://www.scholarab.ca/programs/,733279,579553,105328,85243
/programs/indigenous-summer-research-academy-insra-university-of-lethbridge/,listing,Indigenous Summer Research Academy (InSRA) – University of Lethbridge,https://www.scholarab.ca/programs/indigenous-summer-research-academy-insra-university-of-lethbridge/,60147,45388,11949,9418
/programs/inside-education-youth-summits/,listing,Inside Education Youth Summits,https://www.scholarab.ca/programs/inside-education-youth-summits/,59109,44350,11714,9194
/programs/inspirit-ai-scholars/,listing,Inspirit AI Scholars,https://www.scholarab.ca/programs/inspirit-ai-scholars/,59339,44580,11906,9432
/programs/interact-clubs-rotary/,listing,Interact Clubs – Rotary,https://www.scholarab.ca/programs/interact-clubs-rotary/,59421,44662,11848,9320
/programs/international-summer-school-for-young-physicists-issyp/,listing,International Summer School for Young Physicists (ISSYP),https://www.scholarab.ca/programs/international-summer-school-for-young-physicists-issyp/,59688,44929,11927,9388
/programs/international-youth-math-challenge-iymc/,listing,International Youth Math Challenge (IYMC),https://www.scholarab.ca/programs/international-youth-math-challenge-iymc/,59480,44721,11816,9311
/programs/ja-northern-alberta-company-program/,listing,JA Northern Alberta – Company Program,https://www.scholarab.ca/programs/ja-northern-alberta-company-program/,59692,44933,11886,9341
/programs/ja-southern-alberta-company-program/,listing,JA Southern Alberta – Company Program,https://www.scholarab.ca/programs/ja-southern-alberta-company-program/,59558,44799,11877,9318
/programs/jack-chapters-jackorg/,listing,Jack Chapters – Jack.org,https://www.scholarab.ca/programs/jack-chapters-jackorg/,59149,44390,11762,9243
/programs/jamhacks-high-school-hackathon/,listing,JAMHacks – High School Hackathon,https://www.scholarab.ca/programs/jamhacks-high-school-hackathon/,59118,44359,11794,9241
/programs/john-locke-institute-global-essay-prize/,listing,John Locke Institute Global Essay Prize,https://www.scholarab.ca/programs/john-locke-institute-global-essay-prize/,59574,44815,11929,9407
/programs/journal-of-emerging-investigators-jei/,listing,Journal of Emerging Investigators (JEI),https://www.scholarab.ca/programs/journal-of-emerging-investigators-jei/,59949,45190,11992,9490
/programs/junior-zoo-guides-calgary-zoo/,listing,Junior Zoo Guides – Calgary Zoo,https://www.scholarab.ca/programs/junior-zoo-guides-calgary-zoo/,59130,44371,11733,9213
/programs/key-club-kiwanis/,listing,Key Club – Kiwanis,https://www.scholarab.ca/programs/key-club-kiwanis/,59365,44606,11873,9359
/programs/launchx-virtual-summer-program/,listing,LaunchX Virtual Summer Program,https://www.scholarab.ca/programs/launchx-virtual-summer-program/,59392,44633,11792,9246
/programs/league-of-innovators/,listing,League of Innovators,https://www.scholarab.ca/programs/league-of-innovators/,59644,44885,11992,9459
/programs/legislative-assembly-of-alberta-page-program/,listing,Legislative Assembly of Alberta Page Program,https://www.scholarab.ca/programs/legislative-assembly-of-alberta-page-program/,59768,45009,11956,9448
/programs/lethbridge-and-district-music-and-speech-arts-festival/,listing,Lethbridge and District Music and Speech Arts Festival,https://www.scholarab.ca/programs/lethbridge-and-district-music-and-speech-arts-festival/,62125,47366,12404,9905
/programs/lethbridge-polytechnic-dual-credit/,listing,Lethbridge Polytechnic Dual Credit,https://www.scholarab.ca/programs/lethbridge-polytechnic-dual-credit/,59927,45168,11938,9449
/programs/lets-talk-science-tomatosphere/,listing,Let's Talk Science – Tomatosphere,https://www.scholarab.ca/programs/lets-talk-science-tomatosphere/,59268,44509,11794,9229
/programs/lets-talk-science-university-chapter-symposia/,listing,Let's Talk Science – University Chapter Symposia,https://www.scholarab.ca/programs/lets-talk-science-university-chapter-symposia/,59661,44902,11902,9298
/programs/lumiere-research-scholar-program/,listing,Lumiere Research Scholar Program,https://www.scholarab.ca/programs/lumiere-research-scholar-program/,59363,44604,11830,9317
/programs/macewan-university-design-summer-camp/,listing,MacEwan University Design Summer Camp,https://www.scholarab.ca/programs/macewan-university-design-summer-camp/,59400,44641,11815,9265
/programs/math-mentorship-program-university-of-toronto/,listing,Math Mentorship Program – University of Toronto,https://www.scholarab.ca/programs/math-mentorship-program-university-of-toronto/,62736,47977,12703,10416
/programs/math-physics/,directory,Math and physics competitions,https://www.scholarab.ca/programs/math-physics/,146909,112466,24803,20336
/programs/mayors-youth-council-calgary/,listing,Mayor's Youth Council – Calgary,https://www.scholarab.ca/programs/mayors-youth-council-calgary/,59344,44585,11853,9317
/programs/medicine-hat-college-summer-stem-tech-camps/,listing,Medicine Hat College Summer STEM & Tech Camps,https://www.scholarab.ca/programs/medicine-hat-college-summer-stem-tech-camps/,59349,44590,11725,9167
/programs/medicine-hat-rotary-music-festival/,listing,Medicine Hat Rotary Music Festival,https://www.scholarab.ca/programs/medicine-hat-rotary-music-festival/,59474,44715,11784,9299
/programs/medicine-youth-summer-program-med-ysp-uoft/,listing,Medicine Youth Summer Program (Med YSP) – UofT,https://www.scholarab.ca/programs/medicine-youth-summer-program-med-ysp-uoft/,59596,44837,11878,9282
/programs/metis-youth-summer-employment-program/,listing,Métis Youth Summer Employment Program,https://www.scholarab.ca/programs/metis-youth-summer-employment-program/,59575,44816,11840,9296
/programs/microsoft-imagine-cup-junior/,listing,Microsoft Imagine Cup Junior,https://www.scholarab.ca/programs/microsoft-imagine-cup-junior/,59015,44062,11693,9125
/programs/mindfuel-tech-futures-challenge/,listing,MindFuel Tech Futures Challenge,https://www.scholarab.ca/programs/mindfuel-tech-futures-challenge/,59084,44325,11805,9270
/programs/moon-camp-challenge-european-space-agency/,listing,Moon Camp Challenge – European Space Agency,https://www.scholarab.ca/programs/moon-camp-challenge-european-space-agency/,62462,47703,12663,10148
/programs/nasa-international-space-apps-challenge/,listing,NASA International Space Apps Challenge,https://www.scholarab.ca/programs/nasa-international-space-apps-challenge/,62450,47691,12644,10089
/programs/national-biology-competition-university-of-toronto/,listing,National Biology Competition – University of Toronto,https://www.scholarab.ca/programs/national-biology-competition-university-of-toronto/,59632,44873,11933,9394
/programs/national-youth-orchestra-of-canada-nyo-canada/,listing,National Youth Orchestra of Canada (NYO Canada),https://www.scholarab.ca/programs/national-youth-orchestra-of-canada-nyo-canada/,62325,47566,12608,10089
/programs/national-youth-remembrance-contests-royal-canadian-legion/,listing,National Youth Remembrance Contests – Royal Canadian Legion,https://www.scholarab.ca/programs/national-youth-remembrance-contests-royal-canadian-legion/,59556,44797,11802,9288
/programs/non-trivial-fellowship/,listing,Non-Trivial Fellowship,https://www.scholarab.ca/programs/non-trivial-fellowship/,62207,47448,12652,10132
/programs/north-american-computational-linguistics-open-naclo/,listing,North American Computational Linguistics Open (NACLO),https://www.scholarab.ca/programs/north-american-computational-linguistics-open-naclo/,59732,44973,11919,9352
/programs/northern-lakes-college-dual-credit/,listing,Northern Lakes College Dual Credit,https://www.scholarab.ca/programs/northern-lakes-college-dual-credit/,59433,44674,11758,9256
/programs/northwestern-polytechnic-dual-credit/,listing,Northwestern Polytechnic Dual Credit,https://www.scholarab.ca/programs/northwestern-polytechnic-dual-credit/,59689,44930,11828,9311
/programs/nss-gerard-k-oneill-space-settlement-contest/,listing,NSS Gerard K. O'Neill Space Settlement Contest,https://www.scholarab.ca/programs/nss-gerard-k-oneill-space-settlement-contest/,59639,44880,11876,9338
/programs/oapt-grade-11-physics-contest/,listing,OAPT Grade 11 Physics Contest,https://www.scholarab.ca/programs/oapt-grade-11-physics-contest/,59995,45236,12038,9452
/programs/ocean-networks-canada-youth-advisory-council/,listing,Ocean Networks Canada – Youth Advisory Council,https://www.scholarab.ca/programs/ocean-networks-canada-youth-advisory-council/,59693,44934,11904,9327
/programs/olds-college-high-school-ag-tech-programs/,listing,Olds College High School Ag-Tech Programs,https://www.scholarab.ca/programs/olds-college-high-school-ag-tech-programs/,59412,44653,11781,9212
/programs/olympiads/,directory,Olympiads and contests,https://www.scholarab.ca/programs/olympiads/,150993,116475,24658,19935
/programs/online-physics-olympiad-opho/,listing,Online Physics Olympiad (OPhO),https://www.scholarab.ca/programs/online-physics-olympiad-opho/,59280,44521,11840,9352
/programs/parlement-jeunesse-de-lalberta-pja/,listing,Parlement jeunesse de l'Alberta (PJA),https://www.scholarab.ca/programs/parlement-jeunesse-de-lalberta-pja/,59434,44675,11944,9399
/programs/pascal-cayley-and-fermat-mathematics-contests/,listing,"Pascal, Cayley and Fermat Mathematics Contests",https://www.scholarab.ca/programs/pascal-cayley-and-fermat-mathematics-contests/,62431,47672,12629,10076
/programs/peace-country-regional-science-fair-pcrsf/,listing,Peace Country Regional Science Fair (PCRSF),https://www.scholarab.ca/programs/peace-country-regional-science-fair-pcrsf/,59727,44968,11946,9400
/programs/picoctf-carnegie-mellon-cybersecurity-competition/,listing,picoCTF – Carnegie Mellon Cybersecurity Competition,https://www.scholarab.ca/programs/picoctf-carnegie-mellon-cybersecurity-competition/,59345,44586,11756,9202
/programs/pims-high-school-programs-ualberta-ucalgary/,listing,PIMS High School Programs – UAlberta / UCalgary,https://www.scholarab.ca/programs/pims-high-school-programs-ualberta-ucalgary/,59468,44709,11793,9201
/programs/pioneer-academics-research-program/,listing,Pioneer Academics Research Program,https://www.scholarab.ca/programs/pioneer-academics-research-program/,59309,44550,11781,9256
/programs/poetry-in-voice-national-recitation-competition/,listing,Poetry In Voice – National Recitation Competition,https://www.scholarab.ca/programs/poetry-in-voice-national-recitation-competition/,62223,47464,12602,10069
/programs/polygence-research-program/,listing,Polygence Research Program,https://www.scholarab.ca/programs/polygence-research-program/,59150,44391,11664,9120
/programs/promys-program-in-mathematics-for-young-scientists/,listing,PROMYS – Program in Mathematics for Young Scientists,https://www.scholarab.ca/programs/promys-program-in-mathematics-for-young-scientists/,60171,45412,12103,9579
/programs/purple-comet-math-meet/,listing,Purple Comet! Math Meet,https://www.scholarab.ca/programs/purple-comet-math-meet/,59003,44244,11738,9227
/programs/quantum-school-for-young-students-qsys/,listing,Quantum School for Young Students (QSYS),https://www.scholarab.ca/programs/quantum-school-for-young-students-qsys/,59401,44642,11782,9202
/programs/qubit-by-qubit-high-school-quantum-computing/,listing,Qubit by Qubit – High School Quantum Computing,https://www.scholarab.ca/programs/qubit-by-qubit-high-school-quantum-computing/,59395,44636,11720,9154
/programs/queens-commonwealth-writing-competition/,listing,Queen's Commonwealth Writing Competition,https://www.scholarab.ca/programs/queens-commonwealth-writing-competition/,59557,44798,11904,9374
/programs/rangers-girl-guides-of-canada/,listing,Rangers – Girl Guides of Canada,https://www.scholarab.ca/programs/rangers-girl-guides-of-canada/,59508,44749,11953,9448
/programs/rbc-summer-tech-labs/,listing,RBC Summer Tech Labs,https://www.scholarab.ca/programs/rbc-summer-tech-labs/,59139,44186,11784,9216
/programs/reach-for-the-top/,listing,Reach for the Top,https://www.scholarab.ca/programs/reach-for-the-top/,59266,44507,11771,9298
/programs/red-deer-festival-of-the-performing-arts/,listing,Red Deer Festival of the Performing Arts,https://www.scholarab.ca/programs/red-deer-festival-of-the-performing-arts/,59593,44834,11772,9260
/programs/red-deer-polytechnic-dual-credit/,listing,Red Deer Polytechnic Dual Credit,https://www.scholarab.ca/programs/red-deer-polytechnic-dual-credit/,59585,44826,11828,9332
/programs/registered-apprenticeship-program-rap/,listing,Registered Apprenticeship Program (RAP),https://www.scholarab.ca/programs/registered-apprenticeship-program-rap/,59922,45163,11854,9309
/programs/research/,directory,High school research programs,https://www.scholarab.ca/programs/research/,207544,162103,32838,26957
/programs/research-mentorship-program-uc-santa-barbara/,listing,Research Mentorship Program – UC Santa Barbara,https://www.scholarab.ca/programs/research-mentorship-program-uc-santa-barbara/,62591,47832,12672,10173
/programs/research-placements/,directory,Research and mentorship,https://www.scholarab.ca/programs/research-placements/,117505,88279,21141,17265
/programs/rise-for-the-world/,listing,Rise for the World,https://www.scholarab.ca/programs/rise-for-the-world/,59976,45217,12075,9537
/programs/ross-mathematics-program/,listing,Ross Mathematics Program,https://www.scholarab.ca/programs/ross-mathematics-program/,59515,44756,11863,9399
/programs/rotary-adventure-in-citizenship/,listing,Rotary Adventure in Citizenship,https://www.scholarab.ca/programs/rotary-adventure-in-citizenship/,59751,44992,11970,9417
/programs/rotary-youth-exchange-long-term-alberta/,listing,Rotary Youth Exchange – Long-Term (Alberta),https://www.scholarab.ca/programs/rotary-youth-exchange-long-term-alberta/,62641,47882,12687,10144
/programs/rotary-youth-leadership-awards-ryla-central-and-southern-alberta/,listing,Rotary Youth Leadership Awards (RYLA) – Central and Southern Alberta,https://www.scholarab.ca/programs/rotary-youth-leadership-awards-ryla-central-and-southern-alberta/,59816,45057,11851,9301
/programs/rotary-youth-leadership-experience-ryle-northern-alberta/,listing,Rotary Youth Leadership Experience (RYLE) – Northern Alberta,https://www.scholarab.ca/programs/rotary-youth-leadership-experience-ryle-northern-alberta/,59852,45093,11924,9369
/programs/rotary-youth-program-of-enrichment-rypen/,listing,Rotary Youth Program of Enrichment (RYPEN),https://www.scholarab.ca/programs/rotary-youth-program-of-enrichment-rypen/,59781,45022,11951,9411
/programs/royal-astronomical-society-of-canada-calgary-youth-group/,listing,Royal Astronomical Society of Canada – Calgary Youth Group,https://www.scholarab.ca/programs/royal-astronomical-society-of-canada-calgary-youth-group/,60242,45483,12151,9595
/programs/sait-dual-credit-programs/,listing,SAIT Dual Credit Programs,https://www.scholarab.ca/programs/sait-dual-credit-programs/,59513,44754,11895,9363
/programs/sait-summer-camps-grades-912/,listing,SAIT Summer Camps – Grades 9–12,https://www.scholarab.ca/programs/sait-summer-camps-grades-912/,59385,44626,11823,9293
/programs/samsung-solve-for-tomorrow-canada/,listing,Samsung Solve for Tomorrow – Canada,https://www.scholarab.ca/programs/samsung-solve-for-tomorrow-canada/,59701,44942,12007,9514
/programs/sanofi-biogenius-canada-competition/,listing,Sanofi Biogenius Canada Competition,https://www.scholarab.ca/programs/sanofi-biogenius-canada-competition/,59312,44359,11801,9255
/programs/scholastic-art-writing-awards/,listing,Scholastic Art & Writing Awards,https://www.scholarab.ca/programs/scholastic-art-writing-awards/,59435,44676,11928,9409
/programs/sci-fusion-lethbridge-regional-science-fair-and-science-olympics/,listing,Sci-Fusion: Lethbridge Regional Science Fair and Science Olympics,https://www.scholarab.ca/programs/sci-fusion-lethbridge-regional-science-fair-and-science-olympics/,59930,45171,11934,9396
/programs/science-fairs/,directory,Science fairs,https://www.scholarab.ca/programs/science-fairs/,89491,66169,16174,12986
/programs/science-mentorship-institute-sci-mi/,listing,Science Mentorship Institute (sci-MI),https://www.scholarab.ca/programs/science-mentorship-institute-sci-mi/,59269,44510,11758,9215
/programs/scihigh-summer-internship-lunenfeld-tanenbaum-research-institute/,listing,Scihigh Summer Internship – Lunenfeld-Tanenbaum Research Institute,https://www.scholarab.ca/programs/scihigh-summer-internship-lunenfeld-tanenbaum-research-institute/,60116,45357,11938,9400
/programs/shad-canada/,listing,SHAD Canada,https://www.scholarab.ca/programs/shad-canada/,58939,44180,11776,9226
/programs/sickkids-summer-research-program-ssure/,listing,SickKids Summer Research Program (SSuRe),https://www.scholarab.ca/programs/sickkids-summer-research-program-ssure/,59768,45009,11968,9437
/programs/sir-isaac-newton-sin-physics-exam/,listing,Sir Isaac Newton (SIN) Physics Exam,https://www.scholarab.ca/programs/sir-isaac-newton-sin-physics-exam/,59425,44666,11816,9217
/programs/skills-canada-alberta-provincial-skills-competition/,listing,Skills Canada Alberta – Provincial Skills Competition,https://www.scholarab.ca/programs/skills-canada-alberta-provincial-skills-competition/,59729,44970,11775,9243
/programs/social-sciences/,directory,Social science programs,https://www.scholarab.ca/programs/social-sciences/,186828,144202,31445,25846
/programs/southeast-alberta-regional-science-fair-searsf/,listing,Southeast Alberta Regional Science Fair (SEARSF),https://www.scholarab.ca/programs/southeast-alberta-regional-science-fair-searsf/,59602,44843,11764,9223
/programs/stem-fellowship-big-data-ai-challenge/,listing,STEM Fellowship Big Data & AI Challenge,https://www.scholarab.ca/programs/stem-fellowship-big-data-ai-challenge/,59211,44452,11738,9219
/programs/stem-fellowship-journal/,listing,STEM Fellowship Journal,https://www.scholarab.ca/programs/stem-fellowship-journal/,59484,44725,11881,9373
/programs/stem-fellowship-research-exploration-opportunity-reo-university-of-calgary/,listing,STEM Fellowship Research Exploration Opportunity (REO) – University of Calgary,https://www.scholarab.ca/programs/stem-fellowship-research-exploration-opportunity-reo-university-of-calgary/,60219,45460,11983,9456
/programs/stem-racing-canada-f1-in-schools/,listing,STEM Racing Canada (F1 in Schools),https://www.scholarab.ca/programs/stem-racing-canada-f1-in-schools/,59400,44641,11877,9336
/programs/stollery-childrens-hospital-youth-advisory-council/,listing,Stollery Children's Hospital Youth Advisory Council,https://www.scholarab.ca/programs/stollery-childrens-hospital-youth-advisory-council/,59540,44781,11827,9261
/programs/student-advancement-research-star-program-sickkids/,listing,Student Advancement Research (StAR) Program – SickKids,https://www.scholarab.ca/programs/student-advancement-research-star-program-sickkids/,59983,45224,12009,9413
/programs/student-police-academy-calgary-police-service/,listing,Student Police Academy – Calgary Police Service,https://www.scholarab.ca/programs/student-police-academy-calgary-police-service/,59627,44868,11890,9360
/programs/student-spaceflight-experiments-program-ssep/,listing,Student Spaceflight Experiments Program (SSEP),https://www.scholarab.ca/programs/student-spaceflight-experiments-program-ssep/,59678,44919,11864,9271
/programs/students-on-ice-soi-foundation-expeditions/,listing,Students on Ice (SOI) Foundation Expeditions,https://www.scholarab.ca/programs/students-on-ice-soi-foundation-expeditions/,59523,44764,11743,9205
/programs/students-on-the-beamlines-canadian-light-source/,listing,Students on the Beamlines – Canadian Light Source,https://www.scholarab.ca/programs/students-on-the-beamlines-canadian-light-source/,59824,45065,11906,9366
/programs/summer-of-science-mcdonald-institute-queens-university/,listing,"Summer of Science – McDonald Institute, Queen's University",https://www.scholarab.ca/programs/summer-of-science-mcdonald-institute-queens-university/,59984,45225,11957,9409
/programs/summer-programs/,directory,Summer programs,https://www.scholarab.ca/programs/summer-programs/,209599,163098,33295,27248
/programs/summer-science-program-ssp/,listing,Summer Science Program (SSP),https://www.scholarab.ca/programs/summer-science-program-ssp/,59378,44619,11855,9376
/programs/tate-high-school-internship-program-hip/,listing,Tate High School Internship Program (HIP),https://www.scholarab.ca/programs/tate-high-school-internship-program-hip/,59577,44624,11845,9281
/programs/team-canada-regeneron-isef/,listing,Team Canada – Regeneron ISEF,https://www.scholarab.ca/programs/team-canada-regeneron-isef/,59474,44715,11877,9285
/programs/teamup-science/,listing,TeamUP Science,https://www.scholarab.ca/programs/teamup-science/,59541,44782,11883,9338
/programs/technovation-girls-alberta/,listing,Technovation Girls – Alberta,https://www.scholarab.ca/programs/technovation-girls-alberta/,59502,44743,11821,9258
/programs/telluride-association-summer-seminar-tass/,listing,Telluride Association Summer Seminar (TASS),https://www.scholarab.ca/programs/telluride-association-summer-seminar-tass/,59779,45020,11962,9440
/programs/telus-spark-science-centre-volunteering-calgary/,listing,TELUS Spark Science Centre Volunteering – Calgary,https://www.scholarab.ca/programs/telus-spark-science-centre-volunteering-calgary/,59521,44762,11831,9265
/programs/telus-world-of-science-volunteering-edmonton/,listing,TELUS World of Science Volunteering – Edmonton,https://www.scholarab.ca/programs/telus-world-of-science-volunteering-edmonton/,59278,44519,11743,9211
/programs/the-aristotle-contest-high-school-philosophy-essay/,listing,The Aristotle Contest – High School Philosophy Essay,https://www.scholarab.ca/programs/the-aristotle-contest-high-school-philosophy-essay/,59481,44722,11807,9243
/programs/the-concord-review/,listing,The Concord Review,https://www.scholarab.ca/programs/the-concord-review/,59413,44654,11887,9384
/programs/the-duke-of-edinburghs-international-award/,listing,The Duke of Edinburgh's International Award,https://www.scholarab.ca/programs/the-duke-of-edinburghs-international-award/,60177,45418,12107,9518
/programs/the-earth-prize/,listing,The Earth Prize,https://www.scholarab.ca/programs/the-earth-prize/,61553,46794,12415,9920
/programs/the-junior-academy-new-york-academy-of-sciences/,listing,The Junior Academy – New York Academy of Sciences,https://www.scholarab.ca/programs/the-junior-academy-new-york-academy-of-sciences/,59440,44681,11764,9212
/programs/the-knowledge-society-tks/,listing,The Knowledge Society (TKS),https://www.scholarab.ca/programs/the-knowledge-society-tks/,59095,44336,11716,9171
/programs/toshibansta-exploravision/,listing,Toshiba/NSTA ExploraVision,https://www.scholarab.ca/programs/toshibansta-exploravision/,62676,47917,12850,10617
/programs/trades/,directory,Trades and tech programs,https://www.scholarab.ca/programs/trades/,93140,69051,17083,13686
/programs/triumf-high-school-fellowship/,listing,TRIUMF High School Fellowship,https://www.scholarab.ca/programs/triumf-high-school-fellowship/,59631,44678,11940,9353
/programs/ualberta-game-ai-bootcamps/,listing,UAlberta Game + AI Bootcamps,https://www.scholarab.ca/programs/ualberta-game-ai-bootcamps/,59180,44421,11746,9173
/programs/ubc-future-global-leaders/,listing,UBC Future Global Leaders,https://www.scholarab.ca/programs/ubc-future-global-leaders/,59291,44532,11835,9306
/programs/ucalgary-active-living-summer-camps/,listing,UCalgary Active Living Summer Camps,https://www.scholarab.ca/programs/ucalgary-active-living-summer-camps/,59522,44763,11892,9337
/programs/university-of-alberta-programming-contest-uapc-high-school-division/,listing,University of Alberta Programming Contest (UAPC) – High School Division,https://www.scholarab.ca/programs/university-of-alberta-programming-contest-uapc-high-school-division/,59700,44941,11828,9296
/programs/usa-computing-olympiad-usaco/,listing,USA Computing Olympiad (USACO),https://www.scholarab.ca/programs/usa-computing-olympiad-usaco/,59316,44557,11844,9329
/programs/venturer-scouts-scouts-canada/,listing,Venturer Scouts – Scouts Canada,https://www.scholarab.ca/programs/venturer-scouts-scouts-canada/,59474,44715,11884,9363
/programs/vex-robotics-competition-alberta-leagues/,listing,VEX Robotics Competition – Alberta Leagues,https://www.scholarab.ca/programs/vex-robotics-competition-alberta-leagues/,59553,44794,11843,9288
/programs/vimy-pilgrimage-award/,listing,Vimy Pilgrimage Award,https://www.scholarab.ca/programs/vimy-pilgrimage-award/,59681,44922,12029,9467
/programs/vjkf-indigenous-science-and-engineering-program/,listing,VJKF Indigenous Science and Engineering Program,https://www.scholarab.ca/programs/vjkf-indigenous-science-and-engineering-program/,59526,44767,11795,9201
/programs/wharton-global-high-school-investment-competition/,listing,Wharton Global High School Investment Competition,https://www.scholarab.ca/programs/wharton-global-high-school-investment-competition/,59606,44847,11912,9360
/programs/wild-outside-canadian-wildlife-federation/,listing,WILD Outside – Canadian Wildlife Federation,https://www.scholarab.ca/programs/wild-outside-canadian-wildlife-federation/,59487,44728,11806,9252
/programs/willow-river-biology-contest/,listing,Willow River Biology Contest,https://www.scholarab.ca/programs/willow-river-biology-contest/,61897,47138,12457,9915
/programs/wisest-set-conference-university-of-alberta/,listing,WISEST SET Conference – University of Alberta,https://www.scholarab.ca/programs/wisest-set-conference-university-of-alberta/,62307,47548,12642,10098
/programs/wisest-summer-research-program/,listing,WISEST Summer Research Program,https://www.scholarab.ca/programs/wisest-summer-research-program/,59679,44920,11868,9344
/programs/wolfram-high-school-summer-research-program/,listing,Wolfram High School Summer Research Program,https://www.scholarab.ca/programs/wolfram-high-school-summer-research-program/,59598,44839,11868,9356
/programs/women-in-engineering-day-university-of-calgary/,listing,Women in Engineering Day – University of Calgary,https://www.scholarab.ca/programs/women-in-engineering-day-university-of-calgary/,59634,44875,11779,9260
/programs/wood-buffalo-regional-science-fair-wbrsf/,listing,Wood Buffalo Regional Science Fair (WBRSF),https://www.scholarab.ca/programs/wood-buffalo-regional-science-fair-wbrsf/,59506,44747,11811,9264
/programs/write-2-film-youthwrite/,listing,Write 2 Film – YouthWrite,https://www.scholarab.ca/programs/write-2-film-youthwrite/,59171,44412,11787,9266
/programs/yeti-young-entrepreneurs-training-initiative/,listing,YETI – Young Entrepreneurs Training Initiative,https://www.scholarab.ca/programs/yeti-young-entrepreneurs-training-initiative/,60096,45337,11997,9398
/programs/ymca-youth-exchanges-canada/,listing,YMCA Youth Exchanges Canada,https://www.scholarab.ca/programs/ymca-youth-exchanges-canada/,59598,44839,11925,9396
/programs/young-canada-works-in-heritage-organizations/,listing,Young Canada Works in Heritage Organizations,https://www.scholarab.ca/programs/young-canada-works-in-heritage-organizations/,59993,45234,12080,9551
/programs/young-canadians-school-of-performing-arts-calgary-stampede/,listing,Young Canadians School of Performing Arts – Calgary Stampede,https://www.scholarab.ca/programs/young-canadians-school-of-performing-arts-calgary-stampede/,59801,45042,11842,9313
/programs/young-companies-citadel-theatre/,listing,Young Companies – Citadel Theatre,https://www.scholarab.ca/programs/young-companies-citadel-theatre/,59587,44828,11854,9355
/programs/young-ornithologist-workshop-beaverhill-bird-observatory/,listing,Young Ornithologist Workshop – Beaverhill Bird Observatory,https://www.scholarab.ca/programs/young-ornithologist-workshop-beaverhill-bird-observatory/,59608,44849,11856,9313
/programs/youreka-canada/,listing,Youreka Canada,https://www.scholarab.ca/programs/youreka-canada/,58998,44239,11779,9286
/programs/youth-agriculture-speaking-championships-calgary-stampede/,listing,Youth Agriculture Speaking Championships – Calgary Stampede,https://www.scholarab.ca/programs/youth-agriculture-speaking-championships-calgary-stampede/,59966,45207,11973,9424
/programs/youth-conservation-collective-cpaws-southern-alberta/,listing,Youth Conservation Collective – CPAWS Southern Alberta,https://www.scholarab.ca/programs/youth-conservation-collective-cpaws-southern-alberta/,59638,44879,11909,9390
/programs/youth-parliament-of-canada/,listing,Youth Parliament of Canada,https://www.scholarab.ca/programs/youth-parliament-of-canada/,59717,44958,11997,9449
/programs/youth-recruit-academy-edmonton-police-service/,listing,Youth Recruit Academy – Edmonton Police Service,https://www.scholarab.ca/programs/youth-recruit-academy-edmonton-police-service/,59831,45072,11967,9438
/programs/youth-volunteer-corps-calgary/,listing,Youth Volunteer Corps – Calgary,https://www.scholarab.ca/programs/youth-volunteer-corps-calgary/,59213,44454,11732,9220
/programs/ysc-virtual-regional-stem-fair/,listing,YSC Virtual Regional STEM Fair,https://www.scholarab.ca/programs/ysc-virtual-regional-stem-fair/,59339,44580,11781,9273
/saved/,authored,Saved,https://www.scholarab.ca/saved/,804968,699854,152924,127803
/scholarships/10x-future-founders-scholarship/,listing,10X Future Founders Scholarship,https://www.scholarab.ca/scholarships/10x-future-founders-scholarship/,57252,42493,11596,9085
/scholarships/1989-alberta-summer-games-athletics-scholarship/,listing,1989 Alberta Summer Games Athletics Scholarship,https://www.scholarab.ca/scholarships/1989-alberta-summer-games-athletics-scholarship/,60046,45287,12027,9480
/scholarships/1989-alberta-summer-games-fine-arts-scholarship/,listing,1989 Alberta Summer Games Fine Arts Scholarship,https://www.scholarab.ca/scholarships/1989-alberta-summer-games-fine-arts-scholarship/,59899,45140,11943,9415
/scholarships/2000-alberta-summer-games-legacy-fund/,listing,2000 Alberta Summer Games Legacy Fund,https://www.scholarab.ca/scholarships/2000-alberta-summer-games-legacy-fund/,59081,44322,11828,9303
/scholarships/2016-rotary-curling-legacy-fund/,listing,2016 Rotary Curling Legacy Fund,https://www.scholarab.ca/scholarships/2016-rotary-curling-legacy-fund/,59136,44377,11858,9332
/scholarships/4-h-alberta-provincial-scholarships/,listing,4-H Alberta Provincial Scholarships,https://www.scholarab.ca/scholarships/4-h-alberta-provincial-scholarships/,59544,44785,11955,9450
/scholarships/4-h-canada-scholarships/,listing,4-H Canada Scholarships,https://www.scholarab.ca/scholarships/4-h-canada-scholarships/,59058,44299,11775,9243
/scholarships/a-bernard-mary-b-dixon-memorial-scholarship/,listing,A. Bernard & Mary B. Dixon Memorial Scholarship,https://www.scholarab.ca/scholarships/a-bernard-mary-b-dixon-memorial-scholarship/,59171,44412,11771,9216
/scholarships/aaaf-memorial-bursary/,listing,AAAF Memorial Bursary,https://www.scholarab.ca/scholarships/aaaf-memorial-bursary/,59921,45162,12033,9507
/scholarships/aaron-family-award-for-students-with-disabilities/,listing,Aaron Family Award for Students with Disabilities,https://www.scholarab.ca/scholarships/aaron-family-award-for-students-with-disabilities/,59023,44264,11712,9164
/scholarships/aaron-family-scholarship/,listing,Aaron Family Scholarship,https://www.scholarab.ca/scholarships/aaron-family-scholarship/,60012,45253,12153,9625
/scholarships/aaron-harben-vocal-music-prize/,listing,"Aaron, Harben Vocal Music Prize",https://www.scholarab.ca/scholarships/aaron-harben-vocal-music-prize/,58238,43479,11828,9305
/scholarships/abbvie-ibd-scholarship/,listing,AbbVie IBD Scholarship,https://www.scholarab.ca/scholarships/abbvie-ibd-scholarship/,57026,42267,11674,9153
/scholarships/academy-of-learning-award/,listing,Academy of Learning Award,https://www.scholarab.ca/scholarships/academy-of-learning-award/,59734,44975,11874,9356
/scholarships/access-to-the-future-matching-grant-award/,listing,Access to the Future Matching Grant Award,https://www.scholarab.ca/scholarships/access-to-the-future-matching-grant-award/,61604,46845,12420,9897
/scholarships/accomplished-angels-student-award/,listing,Accomplished Angels Student Award,https://www.scholarab.ca/scholarships/accomplished-angels-student-award/,60193,45434,12115,9588
/scholarships/acfa-riviere-la-paix-bursaries-for-ecole-heritage-and-ecole-des-quatre-vents/,listing,ACFA Rivière-la-Paix Bursaries for École Héritage and École des Quatre-Vents,https://www.scholarab.ca/scholarships/acfa-riviere-la-paix-bursaries-for-ecole-heritage-and-ecole-des-quatre-vents/,59647,44888,11795,9244
/scholarships/acfn-education-grant/,listing,ACFN Education Grant,https://www.scholarab.ca/scholarships/acfn-education-grant/,61388,46629,12393,9878
/scholarships/acfn-high-school-graduation-incentive/,listing,ACFN High School Graduation Incentive,https://www.scholarab.ca/scholarships/acfn-high-school-graduation-incentive/,58839,44094,11666,9148
/scholarships/acfn-post-secondary-completion-incentive/,listing,ACFN Post-Secondary Completion Incentive,https://www.scholarab.ca/scholarships/acfn-post-secondary-completion-incentive/,59152,44393,11708,9169
/scholarships/adam-richard-leinweber-entrance-scholarship/,listing,Adam Richard Leinweber Entrance Scholarship,https://www.scholarab.ca/scholarships/adam-richard-leinweber-entrance-scholarship/,58943,44184,11670,9129
/scholarships/adam-stychin-be-positive-award/,listing,Adam Stychin Be Positive Award,https://www.scholarab.ca/scholarships/adam-stychin-be-positive-award/,62402,47643,12640,10118
/scholarships/advancing-futures-bursary/,listing,Advancing Futures Bursary,https://www.scholarab.ca/scholarships/advancing-futures-bursary/,61341,46582,12402,9865
/scholarships/aebc-and-allyant-scholarship-program/,listing,AEBC and Allyant Scholarship Program,https://www.scholarab.ca/scholarships/aebc-and-allyant-scholarship-program/,58750,43991,11705,9185
/scholarships/aehl-scholarship/,listing,AEHL Scholarship,https://www.scholarab.ca/scholarships/aehl-scholarship/,58914,44155,11872,9332
/scholarships/agnes-boness-memorial-scholarship/,listing,Agnes Boness Memorial Scholarship,https://www.scholarab.ca/scholarships/agnes-boness-memorial-scholarship/,59928,45169,11947,9443
/scholarships/agnes-jacks-scholarship-awards/,listing,Agnes Jacks Scholarship Awards,https://www.scholarab.ca/scholarships/agnes-jacks-scholarship-awards/,61251,46492,12430,9902
/scholarships/ahs-and-nadb-bursary-program/,listing,AHS and NADB Bursary Program,https://www.scholarab.ca/scholarships/ahs-and-nadb-bursary-program/,61270,46511,12366,9840
/scholarships/ahsfa-society-grade-10-and-11-summer-camp-bursaries/,listing,AHSFA Society Grade 10 and 11 Summer Camp Bursaries,https://www.scholarab.ca/scholarships/ahsfa-society-grade-10-and-11-summer-camp-bursaries/,59980,45221,11907,9356
/scholarships/ahsra-scholarships/,listing,AHSRA Scholarships,https://www.scholarab.ca/scholarships/ahsra-scholarships/,56864,42105,11503,8957
/scholarships/air-access-bursary/,listing,Air Access Bursary,https://www.scholarab.ca/scholarships/air-access-bursary/,58527,43768,11718,9192
/scholarships/air-cadet-league-of-canada-national-educational-scholarships/,listing,Air Cadet League of Canada National Educational Scholarships,https://www.scholarab.ca/scholarships/air-cadet-league-of-canada-national-educational-scholarships/,59665,44906,12015,9484
/scholarships/airdrie/,directory,Airdrie scholarships,https://www.scholarab.ca/scholarships/airdrie/,117781,94793,20101,16982
/scholarships/airdrie-and-district-agricultural-society-scholarship/,listing,Airdrie and District Agricultural Society Scholarship,https://www.scholarab.ca/scholarships/airdrie-and-district-agricultural-society-scholarship/,60823,46064,12138,9594
/scholarships/airdrie-legion-branch-288-poppy-fund-bursary/,listing,Airdrie Legion Branch 288 Poppy Fund Bursary,https://www.scholarab.ca/scholarships/airdrie-legion-branch-288-poppy-fund-bursary/,60264,45505,12124,9589
/scholarships/airdrie-rotary-festival-of-performing-arts-scholarships/,listing,Airdrie Rotary Festival of Performing Arts Scholarships,https://www.scholarab.ca/scholarships/airdrie-rotary-festival-of-performing-arts-scholarships/,59620,44861,11930,9402
/scholarships/al-and-ann-schloss-scholarship/,listing,Al and Ann Schloss Scholarship,https://www.scholarab.ca/scholarships/al-and-ann-schloss-scholarship/,59771,45012,11869,9364
/scholarships/al-hamilton-scholarship-award/,listing,Al Hamilton Scholarship Award,https://www.scholarab.ca/scholarships/al-hamilton-scholarship-award/,57177,42418,11563,8997
/scholarships/al-maurer-awards/,listing,Al Maurer Awards,https://www.scholarab.ca/scholarships/al-maurer-awards/,61348,46589,12409,9893
/scholarships/al-pac-environmental-sciences-education-award/,listing,Al-Pac Environmental Sciences Education Award,https://www.scholarab.ca/scholarships/al-pac-environmental-sciences-education-award/,61165,46406,12273,9755
/scholarships/al-pac-trades-education-award/,listing,Al-Pac Trades Education Award,https://www.scholarab.ca/scholarships/al-pac-trades-education-award/,58856,44097,11934,9432
/scholarships/alaire-oberg-award-of-music/,listing,Alaire Oberg Award of Music,https://www.scholarab.ca/scholarships/alaire-oberg-award-of-music/,56499,41740,11392,8848
/scholarships/alan-norris-distinguished-business-leader-scholarship/,listing,Alan Norris Distinguished Business Leader Scholarship,https://www.scholarab.ca/scholarships/alan-norris-distinguished-business-leader-scholarship/,59402,44643,11874,9319
/scholarships/albert-and-maria-rimer-memorial-scholarship/,listing,Albert and Maria Rimer Memorial Scholarship,https://www.scholarab.ca/scholarships/albert-and-maria-rimer-memorial-scholarship/,62598,47839,12701,10161
/scholarships/alberta/,directory,Province-wide scholarships,https://www.scholarab.ca/scholarships/alberta/,863026,767730,104049,92841
/scholarships/alberta-apprenticeship-and-industry-training-board-scholarship/,listing,Alberta Apprenticeship and Industry Training Board Scholarship,https://www.scholarab.ca/scholarships/alberta-apprenticeship-and-industry-training-board-scholarship/,59216,44457,11681,9126
/scholarships/alberta-athletic-award/,listing,Alberta Athletic Award,https://www.scholarab.ca/scholarships/alberta-athletic-award/,59104,44345,11801,9271
/scholarships/alberta-barley-commission-eugene-boyko-memorial-scholarship/,listing,Alberta Barley Commission Eugene Boyko Memorial Scholarship,https://www.scholarab.ca/scholarships/alberta-barley-commission-eugene-boyko-memorial-scholarship/,59413,44654,12006,9474
/scholarships/alberta-beach-and-district-agricultural-society-scholarship-fund/,listing,Alberta Beach and District Agricultural Society Scholarship Fund,https://www.scholarab.ca/scholarships/alberta-beach-and-district-agricultural-society-scholarship-fund/,59604,44845,12152,9643
/scholarships/alberta-blue-cross-50th-anniversary-bursary-for-students-with-special-needs/,listing,Alberta Blue Cross 50th Anniversary Bursary for Students with Special Needs,https://www.scholarab.ca/scholarships/alberta-blue-cross-50th-anniversary-bursary-for-students-with-special-needs/,57777,43018,11507,8950
/scholarships/alberta-blue-cross-50th-anniversary-entrance-bursary/,listing,Alberta Blue Cross 50th Anniversary Entrance Bursary,https://www.scholarab.ca/scholarships/alberta-blue-cross-50th-anniversary-entrance-bursary/,57580,42821,11513,8965
/scholarships/alberta-blue-cross-50th-anniversary-nursing-bursary/,listing,Alberta Blue Cross 50th Anniversary Nursing Bursary,https://www.scholarab.ca/scholarships/alberta-blue-cross-50th-anniversary-nursing-bursary/,57535,42776,11536,8994
/scholarships/alberta-blue-cross-away-from-home-entrance-award/,listing,Alberta Blue Cross Away From Home Entrance Award,https://www.scholarab.ca/scholarships/alberta-blue-cross-away-from-home-entrance-award/,59655,44896,11953,9394
/scholarships/alberta-blue-cross-away-from-home-scholarship/,listing,Alberta Blue Cross Away from Home Scholarship,https://www.scholarab.ca/scholarships/alberta-blue-cross-away-from-home-scholarship/,61584,46825,12416,9866
/scholarships/alberta-blue-cross-barrier-free-learning-bursary/,listing,Alberta Blue Cross Barrier-Free Learning Bursary,https://www.scholarab.ca/scholarships/alberta-blue-cross-barrier-free-learning-bursary/,59594,44835,11974,9427
/scholarships/alberta-blue-cross-entrance-award/,listing,Alberta Blue Cross Entrance Award,https://www.scholarab.ca/scholarships/alberta-blue-cross-entrance-award/,61468,46709,12375,9856
/scholarships/alberta-blue-cross-entrance-award-northwestern-polytechnic/,listing,Alberta Blue Cross Entrance Award (Northwestern Polytechnic),https://www.scholarab.ca/scholarships/alberta-blue-cross-entrance-award-northwestern-polytechnic/,59691,44932,11860,9304
/scholarships/alberta-blue-cross-entrance-scholarship/,listing,Alberta Blue Cross Entrance Scholarship,https://www.scholarab.ca/scholarships/alberta-blue-cross-entrance-scholarship/,57909,43150,11638,9102
/scholarships/alberta-blue-cross-entrance-scholarship-red-deer-polytechnic/,listing,Alberta Blue Cross Entrance Scholarship (Red Deer Polytechnic),https://www.scholarab.ca/scholarships/alberta-blue-cross-entrance-scholarship-red-deer-polytechnic/,61833,47074,12377,9850
/scholarships/alberta-blue-cross-indigenous-scholarship/,listing,Alberta Blue Cross Indigenous Scholarship,https://www.scholarab.ca/scholarships/alberta-blue-cross-indigenous-scholarship/,57186,42427,11526,8961
/scholarships/alberta-centennial-award/,listing,Alberta Centennial Award,https://www.scholarab.ca/scholarships/alberta-centennial-award/,57684,42925,11581,9050
/scholarships/alberta-electrical-alliance-scholarships/,listing,Alberta Electrical Alliance Scholarships,https://www.scholarab.ca/scholarships/alberta-electrical-alliance-scholarships/,58898,44139,11805,9269
/scholarships/alberta-excellence-in-agriculture-scholarship/,listing,Alberta Excellence in Agriculture Scholarship,https://www.scholarab.ca/scholarships/alberta-excellence-in-agriculture-scholarship/,61376,46617,12355,9829
/scholarships/alberta-female-hockey-league-scholarship/,listing,Alberta Female Hockey League Scholarship,https://www.scholarab.ca/scholarships/alberta-female-hockey-league-scholarship/,59213,44454,11847,9313
/scholarships/alberta-foundation-for-the-arts-film-and-video-arts-scholarship/,listing,Alberta Foundation for the Arts Film and Video Arts Scholarship,https://www.scholarab.ca/scholarships/alberta-foundation-for-the-arts-film-and-video-arts-scholarship/,59262,44503,11691,9138
/scholarships/alberta-golf-association-foundation-scholarships/,listing,Alberta Golf Association Foundation Scholarships,https://www.scholarab.ca/scholarships/alberta-golf-association-foundation-scholarships/,57574,42815,11633,9125
/scholarships/alberta-high-school-of-fine-arts-society-awards/,listing,Alberta High School of Fine Arts Society Awards,https://www.scholarab.ca/scholarships/alberta-high-school-of-fine-arts-society-awards/,59691,44932,11919,9374
/scholarships/alberta-high-school-of-fine-arts-society-future-artist-scholarship/,listing,Alberta High School of Fine Arts Society Future Artist Scholarship,https://www.scholarab.ca/scholarships/alberta-high-school-of-fine-arts-society-future-artist-scholarship/,57966,43207,11671,9105
/scholarships/alberta-indigenous-careers-award/,listing,Alberta Indigenous Careers Award,https://www.scholarab.ca/scholarships/alberta-indigenous-careers-award/,58765,44006,11693,9171
/scholarships/alberta-junior-athletic-award/,listing,Alberta Junior Athletic Award,https://www.scholarab.ca/scholarships/alberta-junior-athletic-award/,60202,45443,12398,9854
/scholarships/alberta-lodge-no-3-higher-education-bursary/,listing,Alberta Lodge No. 3 Higher Education Bursary,https://www.scholarab.ca/scholarships/alberta-lodge-no-3-higher-education-bursary/,61459,46700,12359,9829
/scholarships/alberta-masonic-higher-education-bursary/,listing,Alberta Masonic Higher Education Bursary,https://www.scholarab.ca/scholarships/alberta-masonic-higher-education-bursary/,57812,43053,11854,9283
/scholarships/alberta-moose-association-youth-awareness-scholarship/,listing,Alberta Moose Association Youth Awareness Scholarship,https://www.scholarab.ca/scholarships/alberta-moose-association-youth-awareness-scholarship/,57580,42821,11603,9046
/scholarships/alberta-teachers-association-gold-medal-in-education/,listing,Alberta Teachers' Association Gold Medal in Education,https://www.scholarab.ca/scholarships/alberta-teachers-association-gold-medal-in-education/,59572,44813,12081,9547
/scholarships/alberta-teachers-association-local-32-scholarship/,listing,Alberta Teachers' Association Local #32 Scholarship,https://www.scholarab.ca/scholarships/alberta-teachers-association-local-32-scholarship/,59803,45044,11890,9371
/scholarships/alberta-teachers-association-local-48-award/,listing,Alberta Teachers' Association Local #48 Award,https://www.scholarab.ca/scholarships/alberta-teachers-association-local-48-award/,59759,45000,12142,9624
/scholarships/alberta-union-of-provincial-employees-bursary/,listing,Alberta Union of Provincial Employees Bursary,https://www.scholarab.ca/scholarships/alberta-union-of-provincial-employees-bursary/,59509,44750,12124,9601
/scholarships/alex-decoteau-award-of-honour/,listing,Alex Decoteau Award of Honour,https://www.scholarab.ca/scholarships/alex-decoteau-award-of-honour/,61248,46489,12480,9935
/scholarships/alex-schaap-memorial-scholarship/,listing,Alex Schaap Memorial Scholarship,https://www.scholarab.ca/scholarships/alex-schaap-memorial-scholarship/,59086,44327,12045,9548
/scholarships/alex-tutschek-fcpa-fca-award-for-indigenous-student-high-school-achievement/,listing,"Alex Tutschek FCPA, FCA Award for Indigenous Student High School Achievement",https://www.scholarab.ca/scholarships/alex-tutschek-fcpa-fca-award-for-indigenous-student-high-school-achievement/,59939,45180,12066,9510
/scholarships/alexander-rutherford-scholarship/,listing,Alexander Rutherford Scholarship,https://www.scholarab.ca/scholarships/alexander-rutherford-scholarship/,59008,44249,11651,9178
/scholarships/alexandra-m-munn-scholarships-and-john-andrea-wallin-awards/,listing,Alexandra M. Munn Scholarships and John & Andrea Wallin Awards,https://www.scholarab.ca/scholarships/alexandra-m-munn-scholarships-and-john-andrea-wallin-awards/,59742,44983,11959,9383
/scholarships/alice-thom-memorial-scholarship/,listing,Alice Thom Memorial Scholarship,https://www.scholarab.ca/scholarships/alice-thom-memorial-scholarship/,59713,44954,11949,9441
/scholarships/alix-agricultural-society-scholarship/,listing,Alix Agricultural Society Scholarship,https://www.scholarab.ca/scholarships/alix-agricultural-society-scholarship/,59217,44458,12071,9551
/scholarships/alix-and-clive-agencies-exceptional-achievement-citation-and-bursary/,listing,Alix and Clive Agencies Exceptional Achievement Citation and Bursary,https://www.scholarab.ca/scholarships/alix-and-clive-agencies-exceptional-achievement-citation-and-bursary/,59598,44839,12117,9563
/scholarships/alix-legion-scholarship/,listing,Alix Legion Scholarship,https://www.scholarab.ca/scholarships/alix-legion-scholarship/,57148,42389,11441,8942
/scholarships/alix-lions-club-scholarship/,listing,Alix Lions Club Scholarship,https://www.scholarab.ca/scholarships/alix-lions-club-scholarship/,59027,44268,12009,9503
/scholarships/alix-mac-school-scholarship/,listing,Alix-MAC School Scholarship,https://www.scholarab.ca/scholarships/alix-mac-school-scholarship/,60779,46020,12208,9723
/scholarships/allan-craig-essay-contest/,listing,Allan Craig Essay Contest,https://www.scholarab.ca/scholarships/allan-craig-essay-contest/,62298,47539,12575,10049
/scholarships/allan-craig-scholarship/,listing,Allan Craig Scholarship,https://www.scholarab.ca/scholarships/allan-craig-scholarship/,62058,47299,12579,10076
/scholarships/allan-ferchuk-athletic-award/,listing,Allan Ferchuk Athletic Award,https://www.scholarab.ca/scholarships/allan-ferchuk-athletic-award/,61369,46610,12272,9763
/scholarships/allan-ferchuk-athletic-leadership-award/,listing,Allan Ferchuk Athletic Leadership Award,https://www.scholarab.ca/scholarships/allan-ferchuk-athletic-leadership-award/,61403,46644,12276,9741
/scholarships/allan-ferchuk-kings-hockey-leadership-award/,listing,Allan Ferchuk Kings Hockey Leadership Award,https://www.scholarab.ca/scholarships/allan-ferchuk-kings-hockey-leadership-award/,61474,46715,12273,9738
/scholarships/allan-ferchuk-kings-hockey-student-athlete-scholarship/,listing,Allan Ferchuk Kings Hockey Student-Athlete Scholarship,https://www.scholarab.ca/scholarships/allan-ferchuk-kings-hockey-student-athlete-scholarship/,61494,46735,12291,9764
/scholarships/allan-ferchuk-queens-hockey-leadership-award/,listing,Allan Ferchuk Queens Hockey Leadership Award,https://www.scholarab.ca/scholarships/allan-ferchuk-queens-hockey-leadership-award/,61467,46708,12237,9709
/scholarships/allan-quick-memorial-scholarship/,listing,Allan Quick Memorial Scholarship,https://www.scholarab.ca/scholarships/allan-quick-memorial-scholarship/,59292,44533,12032,9515
/scholarships/altalink-centennial-scholarship/,listing,AltaLink Centennial Scholarship,https://www.scholarab.ca/scholarships/altalink-centennial-scholarship/,59280,44521,12044,9543
/scholarships/ambassador-scholarship/,listing,Ambassador Scholarship,https://www.scholarab.ca/scholarships/ambassador-scholarship/,61271,46512,12304,9797
/scholarships/amrize-education-endowment-scholarship/,listing,AMRIZE Education Endowment Scholarship,https://www.scholarab.ca/scholarships/amrize-education-endowment-scholarship/,57217,42458,11462,8937
/scholarships/amy-sands-memorial-scholarship/,listing,Amy Sands Memorial Scholarship,https://www.scholarab.ca/scholarships/amy-sands-memorial-scholarship/,57375,42616,11588,9066
/scholarships/an-elnora-lorraine-sandham-riddle-nursing-entrance-scholarship/,listing,An Elnora Lorraine (Sandham) Riddle Nursing Entrance Scholarship,https://www.scholarab.ca/scholarships/an-elnora-lorraine-sandham-riddle-nursing-entrance-scholarship/,59224,44465,11767,9223
/scholarships/andreassen-borth-sports-award/,listing,Andreassen Borth Sports Award,https://www.scholarab.ca/scholarships/andreassen-borth-sports-award/,59379,44620,11780,9243
/scholarships/andrew-haworth-scholarship-trust-fund/,listing,Andrew Haworth Scholarship Trust Fund,https://www.scholarab.ca/scholarships/andrew-haworth-scholarship-trust-fund/,61119,46360,12395,9880
/scholarships/andrew-hyslop-and-barbara-zinter-award-for-lifeguarding/,listing,Andrew Hyslop and Barbara Zinter Award for Lifeguarding,https://www.scholarab.ca/scholarships/andrew-hyslop-and-barbara-zinter-award-for-lifeguarding/,59962,45203,12040,9471
/scholarships/andy-polanski-leader-of-tomorrow-memorial-scholarship/,listing,Andy Polanski Leader of Tomorrow Memorial Scholarship,https://www.scholarab.ca/scholarships/andy-polanski-leader-of-tomorrow-memorial-scholarship/,58044,43285,11696,9159
/scholarships/angel-fraser-memorial-bursary/,listing,Angel Fraser Memorial Bursary,https://www.scholarab.ca/scholarships/angel-fraser-memorial-bursary/,58709,43950,11695,9165
/scholarships/anna-john-kolesar-memorial-scholarship/,listing,Anna & John Kolesar Memorial Scholarship,https://www.scholarab.ca/scholarships/anna-john-kolesar-memorial-scholarship/,59479,44720,12181,9648
/scholarships/anne-beaty-memorial-scholarship/,listing,Anne Beaty Memorial Scholarship,https://www.scholarab.ca/scholarships/anne-beaty-memorial-scholarship/,59313,44554,11800,9286
/scholarships/aon-scholarship-westwood/,listing,AON Scholarship (Westwood),https://www.scholarab.ca/scholarships/aon-scholarship-westwood/,61861,47102,12436,9936
/scholarships/apex-distribution-indigenous-student-achievement-award/,listing,Apex Distribution Indigenous Student Achievement Award,https://www.scholarab.ca/scholarships/apex-distribution-indigenous-student-achievement-award/,59623,44864,12037,9508
/scholarships/applied-arts-award/,listing,Applied Arts Award,https://www.scholarab.ca/scholarships/applied-arts-award/,60993,46234,12322,9807
/scholarships/apta-student-bursary/,listing,APTA Student Bursary,https://www.scholarab.ca/scholarships/apta-student-bursary/,61136,46377,12274,9771
/scholarships/aquatera-environment-fund/,listing,Aquatera Environment Fund,https://www.scholarab.ca/scholarships/aquatera-environment-fund/,57004,42245,11595,9068
/scholarships/archie-macphail-memorial-scholarship/,listing,Archie MacPhail Memorial Scholarship,https://www.scholarab.ca/scholarships/archie-macphail-memorial-scholarship/,57737,42978,11575,9070
/scholarships/arctic-institute-of-north-america-jim-bourque-scholarship/,listing,Arctic Institute of North America Jim Bourque Scholarship,https://www.scholarab.ca/scholarships/arctic-institute-of-north-america-jim-bourque-scholarship/,59932,45173,12010,9446
/scholarships/ardrossan-music-parents-society-post-secondary-music-scholarship/,listing,Ardrossan Music Parents Society Post-Secondary Music Scholarship,https://www.scholarab.ca/scholarships/ardrossan-music-parents-society-post-secondary-music-scholarship/,59198,44439,11717,9168
/scholarships/army-cadet-league-of-canada-awards-and-bursaries/,listing,Army Cadet League of Canada Awards and Bursaries,https://www.scholarab.ca/scholarships/army-cadet-league-of-canada-awards-and-bursaries/,59261,44502,11842,9285
/scholarships/arnup-louis-award/,listing,Arnup Louis Award,https://www.scholarab.ca/scholarships/arnup-louis-award/,59665,44906,12004,9500
/scholarships/arrata-family-award-for-new-canadians/,listing,Arrata Family Award for New Canadians,https://www.scholarab.ca/scholarships/arrata-family-award-for-new-canadians/,57508,42749,11671,9141
/scholarships/arrowwood-lions-award/,listing,Arrowwood Lions Award,https://www.scholarab.ca/scholarships/arrowwood-lions-award/,59404,44645,12092,9613
/scholarships/art-society-of-strathcona-award/,listing,Art Society of Strathcona Award,https://www.scholarab.ca/scholarships/art-society-of-strathcona-award/,59834,45075,12014,9514
/scholarships/arthur-tildesley-scholarship/,listing,Arthur Tildesley Scholarship,https://www.scholarab.ca/scholarships/arthur-tildesley-scholarship/,62205,47446,12614,10085
/scholarships/arts/,directory,Arts scholarships in Alberta,https://www.scholarab.ca/scholarships/arts/,346013,301540,47415,41969
/scholarships/arun-mishra-engineering-academic-award/,listing,Arun Mishra Engineering Academic Award,https://www.scholarab.ca/scholarships/arun-mishra-engineering-academic-award/,61412,46653,12307,9788
/scholarships/ashcor-technologies-forestburg-school-scholarship/,listing,Ashcor Technologies Forestburg School Scholarship,https://www.scholarab.ca/scholarships/ashcor-technologies-forestburg-school-scholarship/,58796,44037,11644,9109
/scholarships/ashton-moen-memorial-scholarship/,listing,Ashton Moen Memorial Scholarship,https://www.scholarab.ca/scholarships/ashton-moen-memorial-scholarship/,59494,44735,11894,9379
/scholarships/aspen-view-public-schools-grade-12-academic-award/,listing,Aspen View Public Schools Grade 12 Academic Award,https://www.scholarab.ca/scholarships/aspen-view-public-schools-grade-12-academic-award/,57229,42470,11596,9067
/scholarships/aspiring-artist-award/,listing,Aspiring Artist Award,https://www.scholarab.ca/scholarships/aspiring-artist-award/,59510,44751,11936,9432
/scholarships/asset-builders-building-your-future-bursary/,listing,Asset Builders Building Your Future Bursary,https://www.scholarab.ca/scholarships/asset-builders-building-your-future-bursary/,61566,46807,12429,9881
/scholarships/ata-battle-river-local-32-scholarship/,listing,ATA Battle River Local 32 Scholarship,https://www.scholarab.ca/scholarships/ata-battle-river-local-32-scholarship/,56906,42147,11391,8860
/scholarships/ata-local-21-scholarship/,listing,ATA Local 21 Scholarship,https://www.scholarab.ca/scholarships/ata-local-21-scholarship/,57627,42868,11633,9089
/scholarships/ata-local-3-scholarship/,listing,ATA Local 3 Scholarship,https://www.scholarab.ca/scholarships/ata-local-3-scholarship/,58396,43637,11604,9096
/scholarships/atb-bipoc-business-administration-entrance-scholarship/,listing,ATB BIPOC Business Administration Entrance Scholarship,https://www.scholarab.ca/scholarships/atb-bipoc-business-administration-entrance-scholarship/,59913,45154,12077,9542
/scholarships/atb-financial-bachelor-of-business-administration-academic-award/,listing,ATB Financial Bachelor of Business Administration Academic Award,https://www.scholarab.ca/scholarships/atb-financial-bachelor-of-business-administration-academic-award/,59712,44953,12052,9513
/scholarships/atb-financial-bursary/,listing,ATB Financial Bursary,https://www.scholarab.ca/scholarships/atb-financial-bursary/,61478,46719,12502,9970
/scholarships/atb-financial-continuing-scholarship-in-business-administration/,listing,ATB Financial Continuing Scholarship in Business Administration,https://www.scholarab.ca/scholarships/atb-financial-continuing-scholarship-in-business-administration/,59685,44926,12068,9539
/scholarships/atb-financial-entrance-scholarship-in-business-administration/,listing,ATB Financial Entrance Scholarship in Business Administration,https://www.scholarab.ca/scholarships/atb-financial-entrance-scholarship-in-business-administration/,59710,44951,12014,9501
/scholarships/atb-financial-entrepreneur-award/,listing,ATB Financial Entrepreneur Award,https://www.scholarab.ca/scholarships/atb-financial-entrepreneur-award/,59370,44611,12008,9491
/scholarships/atb-indigenous-business-administration-entrance-scholarship/,listing,ATB Indigenous Business Administration Entrance Scholarship,https://www.scholarab.ca/scholarships/atb-indigenous-business-administration-entrance-scholarship/,59653,44894,12059,9552
/scholarships/atco-award-keyano/,listing,ATCO Award (Keyano),https://www.scholarab.ca/scholarships/atco-award-keyano/,61185,46426,12286,9791
/scholarships/atco-energy-and-environmental-technology-award/,listing,ATCO Energy and Environmental Technology Award,https://www.scholarab.ca/scholarships/atco-energy-and-environmental-technology-award/,59686,44927,12056,9545
/scholarships/atco-indigenous-education-high-school-merit-award/,listing,ATCO Indigenous Education High School Merit Award,https://www.scholarab.ca/scholarships/atco-indigenous-education-high-school-merit-award/,59856,45097,12233,9671
/scholarships/atoskewan-indigenous-scholarship/,listing,Atoskewan Indigenous Scholarship,https://www.scholarab.ca/scholarships/atoskewan-indigenous-scholarship/,59493,44734,12074,9564
/scholarships/aufricht-family-fund-student-award/,listing,Aufricht Family Fund Student Award,https://www.scholarab.ca/scholarships/aufricht-family-fund-student-award/,59646,44887,11998,9463
/scholarships/aupe-members-education-assistance-bursary/,listing,AUPE Members' Education Assistance Bursary,https://www.scholarab.ca/scholarships/aupe-members-education-assistance-bursary/,59220,44461,11896,9338
/scholarships/austin-obrien-advanced-placement-scholar-award/,listing,Austin O'Brien Advanced Placement Scholar Award,https://www.scholarab.ca/scholarships/austin-obrien-advanced-placement-scholar-award/,57524,42765,11521,8973
/scholarships/austin-obrien-rotary-award/,listing,Austin O'Brien Rotary Award,https://www.scholarab.ca/scholarships/austin-obrien-rotary-award/,59346,44587,11778,9265
/scholarships/austin-williamson-athletic-scholarship/,listing,Austin Williamson Athletic Scholarship,https://www.scholarab.ca/scholarships/austin-williamson-athletic-scholarship/,57982,43223,11745,9229
/scholarships/austin-williamson-sportsmanship-award/,listing,Austin Williamson Sportsmanship Award,https://www.scholarab.ca/scholarships/austin-williamson-sportsmanship-award/,59829,45070,11947,9453
/scholarships/automotive-department-second-year-apprenticeship-award/,listing,Automotive Department Second-Year Apprenticeship Award,https://www.scholarab.ca/scholarships/automotive-department-second-year-apprenticeship-award/,61478,46719,12272,9744
/scholarships/avalon-central-alberta-carpentry-scholarship/,listing,Avalon Central Alberta Carpentry Scholarship,https://www.scholarab.ca/scholarships/avalon-central-alberta-carpentry-scholarship/,61774,47015,12319,9794
/scholarships/b-hanson-leadership-award/,listing,B. Hanson Leadership Award,https://www.scholarab.ca/scholarships/b-hanson-leadership-award/,61181,46422,12283,9768
/scholarships/ba-bruce-snider-scholarship-for-indigenous-students/,listing,B.A. Bruce Snider Scholarship for Indigenous Students,https://www.scholarab.ca/scholarships/ba-bruce-snider-scholarship-for-indigenous-students/,61569,46810,12332,9810
/scholarships/bailey-flick-memorial-scholarship/,listing,Bailey Flick Memorial Scholarship,https://www.scholarab.ca/scholarships/bailey-flick-memorial-scholarship/,61225,46466,12302,9801
/scholarships/bakshi-family-scholarship/,listing,Bakshi Family Scholarship,https://www.scholarab.ca/scholarships/bakshi-family-scholarship/,59590,44831,11882,9385
/scholarships/balbiran-weinkauf-group-of-companies-scholarship/,listing,Balbiran-Weinkauf Group of Companies Scholarship,https://www.scholarab.ca/scholarships/balbiran-weinkauf-group-of-companies-scholarship/,62352,47593,12513,9965
/scholarships/bancroft-student-bursary/,listing,Bancroft Student Bursary,https://www.scholarab.ca/scholarships/bancroft-student-bursary/,58830,44071,11646,9122
/scholarships/banff-community-high-school-graduation-awards/,listing,Banff Community High School Graduation Awards,https://www.scholarab.ca/scholarships/banff-community-high-school-graduation-awards/,57294,42535,11585,9068
/scholarships/bar-engineering-scholarship/,listing,BAR Engineering Scholarship,https://www.scholarab.ca/scholarships/bar-engineering-scholarship/,59998,45239,12208,9717
/scholarships/bare-wire-recycling-inc-student-award/,listing,Bare Wire Recycling Inc. Student Award,https://www.scholarab.ca/scholarships/bare-wire-recycling-inc-student-award/,60213,45454,12147,9619
/scholarships/barrier-free-an-alberta-blue-cross-bursary/,listing,Barrier Free: An Alberta Blue Cross Bursary,https://www.scholarab.ca/scholarships/barrier-free-an-alberta-blue-cross-bursary/,61847,47088,12432,9878
/scholarships/baseball-alberta-scholarships-and-bursaries/,listing,Baseball Alberta Scholarships and Bursaries,https://www.scholarab.ca/scholarships/baseball-alberta-scholarships-and-bursaries/,59439,44680,11858,9345
/scholarships/bassano-agricultural-society-scholarship/,listing,Bassano Agricultural Society Scholarship,https://www.scholarab.ca/scholarships/bassano-agricultural-society-scholarship/,61253,46494,12412,9913
/scholarships/bassano-school-src-and-pursuit-of-the-trades-awards/,listing,Bassano School SRC and Pursuit of the Trades Awards,https://www.scholarab.ca/scholarships/bassano-school-src-and-pursuit-of-the-trades-awards/,61440,46681,12495,9970
/scholarships/bates-wardle-award-for-lifeguards/,listing,Bates Wardle Award for Lifeguards,https://www.scholarab.ca/scholarships/bates-wardle-award-for-lifeguards/,59562,44803,11930,9393
/scholarships/battle-of-the-chefs-scholarship/,listing,Battle of the Chefs Scholarship,https://www.scholarab.ca/scholarships/battle-of-the-chefs-scholarship/,59690,44931,12013,9516
/scholarships/battle-river-implements-awards/,listing,Battle River Implements Awards,https://www.scholarab.ca/scholarships/battle-river-implements-awards/,59455,44696,11830,9303
/scholarships/battle-river-power-coop-scholarship/,listing,Battle River Power Coop Scholarship,https://www.scholarab.ca/scholarships/battle-river-power-coop-scholarship/,57796,43037,11609,9084
/scholarships/bawlf-and-district-lions-club-scholarship/,listing,Bawlf and District Lions Club Scholarship,https://www.scholarab.ca/scholarships/bawlf-and-district-lions-club-scholarship/,61203,46444,12338,9828
/scholarships/bayer-fund-opportunity-scholarship/,listing,Bayer Fund Opportunity Scholarship,https://www.scholarab.ca/scholarships/bayer-fund-opportunity-scholarship/,58877,44118,11769,9217
/scholarships/bchs-construction-scholarship/,listing,BCHS Construction Scholarship,https://www.scholarab.ca/scholarships/bchs-construction-scholarship/,59682,44923,11881,9376
/scholarships/bdo-red-deer-accounting-scholarship/,listing,BDO Red Deer Accounting Scholarship,https://www.scholarab.ca/scholarships/bdo-red-deer-accounting-scholarship/,59408,44649,12027,9524
/scholarships/bea-fisher-scholarship/,listing,Bea Fisher Scholarship,https://www.scholarab.ca/scholarships/bea-fisher-scholarship/,62088,47329,12574,10050
/scholarships/beamcraft-construction-award-for-excellence-in-carpentry/,listing,BeamCraft Construction Award for Excellence in Carpentry,https://www.scholarab.ca/scholarships/beamcraft-construction-award-for-excellence-in-carpentry/,59965,45206,11894,9367
/scholarships/bearspaw-foundation-bursary/,listing,Bearspaw Foundation Bursary,https://www.scholarab.ca/scholarships/bearspaw-foundation-bursary/,59521,44762,11864,9362
/scholarships/beaumont/,directory,Beaumont scholarships,https://www.scholarab.ca/scholarships/beaumont/,86178,66369,16872,14060
/scholarships/beaumont-chamber-of-commerce-rcmp-scholarship/,listing,Beaumont Chamber of Commerce RCMP Scholarship,https://www.scholarab.ca/scholarships/beaumont-chamber-of-commerce-rcmp-scholarship/,57927,43168,11737,9192
/scholarships/beaver-county-agricultural-service-board-scholarship/,listing,Beaver County Agricultural Service Board Scholarship,https://www.scholarab.ca/scholarships/beaver-county-agricultural-service-board-scholarship/,61756,46997,12483,9942
/scholarships/beaver-river-fish-and-game-bursary/,listing,Beaver River Fish and Game Bursary,https://www.scholarab.ca/scholarships/beaver-river-fish-and-game-bursary/,60150,45391,12241,9716
/scholarships/beaverlodge-community-band-fund/,listing,Beaverlodge Community Band Fund,https://www.scholarab.ca/scholarships/beaverlodge-community-band-fund/,59094,44335,11799,9282
/scholarships/beedle-family-apprenticeship-award/,listing,Beedle Family Apprenticeship Award,https://www.scholarab.ca/scholarships/beedle-family-apprenticeship-award/,61345,46586,12287,9771
/scholarships/beiseker-and-district-chamber-of-commerce-scholarship/,listing,Beiseker and District Chamber of Commerce Scholarship,https://www.scholarab.ca/scholarships/beiseker-and-district-chamber-of-commerce-scholarship/,61296,46537,12363,9823
/scholarships/beiseker-community-school-scholarships-and-awards/,listing,Beiseker Community School Scholarships and Awards,https://www.scholarab.ca/scholarships/beiseker-community-school-scholarships-and-awards/,57669,42910,11639,9116
/scholarships/belcourt-brosseau-metis-awards/,listing,Belcourt Brosseau Métis Awards,https://www.scholarab.ca/scholarships/belcourt-brosseau-metis-awards/,57366,42607,11667,9117
/scholarships/ben-j-gulak-family-scholarship/,listing,Ben J. Gulak Family Scholarship,https://www.scholarab.ca/scholarships/ben-j-gulak-family-scholarship/,61933,47174,12438,9918
/scholarships/ben-sandison-drumming-and-music-scholarship/,listing,Ben Sandison Drumming and Music Scholarship,https://www.scholarab.ca/scholarships/ben-sandison-drumming-and-music-scholarship/,61067,46308,12285,9757
/scholarships/ben-sandison-hockey-and-fitness-scholarship/,listing,Ben Sandison Hockey and Fitness Scholarship,https://www.scholarab.ca/scholarships/ben-sandison-hockey-and-fitness-scholarship/,61028,46269,12259,9751
/scholarships/ben-sandison-writers-craft-and-english-scholarship/,listing,Ben Sandison Writer's Craft and English Scholarship,https://www.scholarab.ca/scholarships/ben-sandison-writers-craft-and-english-scholarship/,61251,46492,12294,9746
/scholarships/ben-sauve-artstrek-bursary/,listing,Ben Sauvé Artstrek Bursary,https://www.scholarab.ca/scholarships/ben-sauve-artstrek-bursary/,57898,43139,11672,9142
/scholarships/benjamin-ben-albert-award/,listing,Benjamin (Ben) Albert Award,https://www.scholarab.ca/scholarships/benjamin-ben-albert-award/,59258,44499,11963,9456
/scholarships/bennett-jones-scholarship/,listing,Bennett Jones Scholarship,https://www.scholarab.ca/scholarships/bennett-jones-scholarship/,59694,44935,11941,9431
/scholarships/bentley-school-awards-and-scholarships/,listing,Bentley School Awards and Scholarships,https://www.scholarab.ca/scholarships/bentley-school-awards-and-scholarships/,58934,44175,11744,9220
/scholarships/bentley-seed-cleaning-scholarship/,listing,Bentley Seed Cleaning Scholarship,https://www.scholarab.ca/scholarships/bentley-seed-cleaning-scholarship/,60214,45455,12260,9747
/scholarships/beta-sigma-phi-scholarship/,listing,Beta Sigma Phi Scholarship,https://www.scholarab.ca/scholarships/beta-sigma-phi-scholarship/,59928,45169,12073,9554
/scholarships/bette-joan-rac-piano-scholarship/,listing,Bette Joan Rac Piano Scholarship,https://www.scholarab.ca/scholarships/bette-joan-rac-piano-scholarship/,58962,44203,11751,9227
/scholarships/bettensons-sand-gravel-athletic-award/,listing,Bettenson's Sand & Gravel Athletic Award,https://www.scholarab.ca/scholarships/bettensons-sand-gravel-athletic-award/,59176,44417,11711,9159
/scholarships/betty-and-henry-goudreau-music-fund/,listing,Betty and Henry Goudreau Music Fund,https://www.scholarab.ca/scholarships/betty-and-henry-goudreau-music-fund/,57633,42874,11625,9107
/scholarships/betty-and-henry-goudreau-trades-scholarship-fund/,listing,Betty and Henry Goudreau Trades Scholarship Fund,https://www.scholarab.ca/scholarships/betty-and-henry-goudreau-trades-scholarship-fund/,59862,45103,11949,9412
/scholarships/betty-bancroft-memorial-scholarship/,listing,Betty Bancroft Memorial Scholarship,https://www.scholarab.ca/scholarships/betty-bancroft-memorial-scholarship/,61399,46640,12396,9861
/scholarships/betty-finch-scholarship/,listing,Betty Finch Scholarship,https://www.scholarab.ca/scholarships/betty-finch-scholarship/,56884,42125,11484,8967
/scholarships/beyond-the-north-scholarship/,listing,Beyond the North Scholarship,https://www.scholarab.ca/scholarships/beyond-the-north-scholarship/,56823,42064,11419,8870
/scholarships/bezanson-community-student-award-fund/,listing,Bezanson Community Student Award Fund,https://www.scholarab.ca/scholarships/bezanson-community-student-award-fund/,59157,44398,11793,9285
/scholarships/bff-committee-for-female-athletics-award/,listing,BFF Committee for Female Athletics Award,https://www.scholarab.ca/scholarships/bff-committee-for-female-athletics-award/,59268,44509,11793,9257
/scholarships/big-brothers-big-sisters-society-of-calgary-and-area-scholarship/,listing,Big Brothers Big Sisters Society of Calgary and Area Scholarship,https://www.scholarab.ca/scholarships/big-brothers-big-sisters-society-of-calgary-and-area-scholarship/,57700,42941,11600,9048
/scholarships/big-lakes-county-return-of-service-bursary/,listing,Big Lakes County Return of Service Bursary,https://www.scholarab.ca/scholarships/big-lakes-county-return-of-service-bursary/,59218,44459,11937,9381
/scholarships/big-rock-runners-award/,listing,Big Rock Runners Award,https://www.scholarab.ca/scholarships/big-rock-runners-award/,59522,44763,11868,9354
/scholarships/big-rock-singers-lloyd-burns-memorial-bursary/,listing,Big Rock Singers Lloyd Burns Memorial Bursary,https://www.scholarab.ca/scholarships/big-rock-singers-lloyd-burns-memorial-bursary/,59703,44944,11921,9383
/scholarships/bigsun-athletics-scholarship/,listing,BigSun Athletics Scholarship,https://www.scholarab.ca/scholarships/bigsun-athletics-scholarship/,59194,44435,12111,9580
/scholarships/bikk-cookbook-scholarship/,listing,BIKK Cookbook Scholarship,https://www.scholarab.ca/scholarships/bikk-cookbook-scholarship/,60875,46116,12148,9658
/scholarships/bilanes-martinez-memorial-scholarship/,listing,Bilanes-Martinez Memorial Scholarship,https://www.scholarab.ca/scholarships/bilanes-martinez-memorial-scholarship/,59553,44794,11913,9385
/scholarships/bill-gibson-bursary/,listing,Bill Gibson Bursary,https://www.scholarab.ca/scholarships/bill-gibson-bursary/,59439,44680,12005,9505
/scholarships/bill-procyk-memorial-scholarship/,listing,Bill Procyk Memorial Scholarship,https://www.scholarab.ca/scholarships/bill-procyk-memorial-scholarship/,62474,47715,12706,10182
/scholarships/billion-barrel-scholarship/,listing,Billion Barrel Scholarship,https://www.scholarab.ca/scholarships/billion-barrel-scholarship/,61804,47045,12460,9977
/scholarships/biotalent-canada-ideal-scholarship/,listing,BioTalent Canada I.D.E.A.L. Scholarship,https://www.scholarab.ca/scholarships/biotalent-canada-ideal-scholarship/,57691,42932,11758,9216
/scholarships/birch-mountain-enterprises-award/,listing,Birch Mountain Enterprises Award,https://www.scholarab.ca/scholarships/birch-mountain-enterprises-award/,59427,44668,12062,9564
/scholarships/bishop-lloyd-scholarship/,listing,Bishop Lloyd Scholarship,https://www.scholarab.ca/scholarships/bishop-lloyd-scholarship/,61907,47148,12478,9958
/scholarships/black-knight-inn-university-transfer-scholarship/,listing,Black Knight Inn University Transfer Scholarship,https://www.scholarab.ca/scholarships/black-knight-inn-university-transfer-scholarship/,59454,44695,12073,9543
/scholarships/blackfalds-bulldogs-athletic-scholarship/,listing,Blackfalds Bulldogs Athletic Scholarship,https://www.scholarab.ca/scholarships/blackfalds-bulldogs-athletic-scholarship/,61338,46579,12266,9747
/scholarships/blackfalds-bulldogs-kings-hockey-scholarship/,listing,Blackfalds Bulldogs Kings Hockey Scholarship,https://www.scholarab.ca/scholarships/blackfalds-bulldogs-kings-hockey-scholarship/,61461,46702,12233,9711
/scholarships/blackfalds-smiles-scholarship/,listing,Blackfalds Smiles Scholarship,https://www.scholarab.ca/scholarships/blackfalds-smiles-scholarship/,61811,47052,12387,9891
/scholarships/blackfalds-veterinary-hospital-scholarship/,listing,Blackfalds Veterinary Hospital Scholarship,https://www.scholarab.ca/scholarships/blackfalds-veterinary-hospital-scholarship/,59056,44297,11965,9460
/scholarships/bmo-financial-group-award-keyano/,listing,BMO Financial Group Award (Keyano),https://www.scholarab.ca/scholarships/bmo-financial-group-award-keyano/,61335,46576,12318,9797
/scholarships/bob-neufeld-scholarship/,listing,Bob Neufeld Scholarship,https://www.scholarab.ca/scholarships/bob-neufeld-scholarship/,61902,47143,12589,10070
/scholarships/bonnyville-agriculture-society-scholarship/,listing,Bonnyville Agriculture Society Scholarship,https://www.scholarab.ca/scholarships/bonnyville-agriculture-society-scholarship/,61203,46444,12267,9756
/scholarships/bonnyville-health-centre-ladies-auxiliary-bursary/,listing,Bonnyville Health Centre Ladies Auxiliary Bursary,https://www.scholarab.ca/scholarships/bonnyville-health-centre-ladies-auxiliary-bursary/,59561,44802,11931,9364
/scholarships/bonnyville-lions-club-bursary/,listing,Bonnyville Lions Club Bursary,https://www.scholarab.ca/scholarships/bonnyville-lions-club-bursary/,61122,46363,12329,9828
/scholarships/bonnyville-oilmens-post-secondary-scholarship/,listing,Bonnyville Oilmen's Post-secondary Scholarship,https://www.scholarab.ca/scholarships/bonnyville-oilmens-post-secondary-scholarship/,61299,46540,12288,9777
/scholarships/bonnyville-oilmens-registered-apprenticeship-program-scholarship/,listing,Bonnyville Oilmen's Registered Apprenticeship Program Scholarship,https://www.scholarab.ca/scholarships/bonnyville-oilmens-registered-apprenticeship-program-scholarship/,61549,46790,12353,9827
/scholarships/booth-family-musicamp-scholarship/,listing,Booth Family MusiCamp Scholarship,https://www.scholarab.ca/scholarships/booth-family-musicamp-scholarship/,61253,46494,12328,9811
/scholarships/border-paving-award/,listing,Border Paving Award,https://www.scholarab.ca/scholarships/border-paving-award/,59616,44857,11954,9448
/scholarships/border-paving-engineering-scholarship/,listing,Border Paving Engineering Scholarship,https://www.scholarab.ca/scholarships/border-paving-engineering-scholarship/,59392,44633,12047,9538
/scholarships/border-paving-entrance-bursary/,listing,Border Paving Entrance Bursary,https://www.scholarab.ca/scholarships/border-paving-entrance-bursary/,61261,46502,12357,9834
/scholarships/border-paving-scholarship-for-business/,listing,Border Paving Scholarship for Business,https://www.scholarab.ca/scholarships/border-paving-scholarship-for-business/,59413,44654,11950,9446
/scholarships/borouge-international-award-in-chemistry/,listing,Borouge International Award in Chemistry,https://www.scholarab.ca/scholarships/borouge-international-award-in-chemistry/,58987,44228,11737,9216
/scholarships/bott-sisters-memorial-scholarship/,listing,Bott Sisters Memorial Scholarship,https://www.scholarab.ca/scholarships/bott-sisters-memorial-scholarship/,59214,44455,12082,9573
/scholarships/bottomley-stuart-blair-and-hiltbrand-brothers-bursary/,listing,Bottomley-Stuart-Blair and Hiltbrand Brothers Bursary,https://www.scholarab.ca/scholarships/bottomley-stuart-blair-and-hiltbrand-brothers-bursary/,59592,44833,12170,9649
/scholarships/bourse-andre-boudreau/,listing,Bourse André-Boudreau,https://www.scholarab.ca/scholarships/bourse-andre-boudreau/,59213,44454,11872,9348
/scholarships/bourse-carole-d-frechette/,listing,Bourse Carole D.-Fréchette,https://www.scholarab.ca/scholarships/bourse-carole-d-frechette/,57159,42400,11661,9119
/scholarships/bourse-detudes-aux-femmes-cheffes-de-famille/,listing,Bourse d'études aux femmes cheffes de famille,https://www.scholarab.ca/scholarships/bourse-detudes-aux-femmes-cheffes-de-famille/,59457,44698,12050,9494
/scholarships/bourse-eric-preville-en-sante/,listing,Bourse Éric Préville en santé,https://www.scholarab.ca/scholarships/bourse-eric-preville-en-sante/,57300,42541,11663,9118
/scholarships/bourse-evangeline-bouchard-saint-jean-pour-saint-paul/,listing,Bourse Evangeline Bouchard Saint-Jean pour Saint-Paul,https://www.scholarab.ca/scholarships/bourse-evangeline-bouchard-saint-jean-pour-saint-paul/,57599,42840,11639,9082
/scholarships/bourse-fondation-fernando-girard/,listing,Bourse Fondation Fernando-Girard,https://www.scholarab.ca/scholarships/bourse-fondation-fernando-girard/,57150,42391,11574,9052
/scholarships/bourse-georges-a-ares-en-leadership-et-politique/,listing,Bourse Georges A. Arès en leadership et politique,https://www.scholarab.ca/scholarships/bourse-georges-a-ares-en-leadership-et-politique/,59437,44678,11899,9355
/scholarships/bourse-germaine-et-michel-lehodey/,listing,Bourse Germaine et Michel Lehodey,https://www.scholarab.ca/scholarships/bourse-germaine-et-michel-lehodey/,59059,44300,11903,9378
/scholarships/bourse-guy-leblanc-et-marie-claude-cholette/,listing,Bourse Guy LeBlanc et Marie-Claude Cholette,https://www.scholarab.ca/scholarships/bourse-guy-leblanc-et-marie-claude-cholette/,59434,44675,11906,9364
/scholarships/bourse-helene-et-leon-lavoie/,listing,Bourse Hélène et Léon Lavoie,https://www.scholarab.ca/scholarships/bourse-helene-et-leon-lavoie/,59214,44455,11941,9403
/scholarships/bourse-henri-lemire/,listing,Bourse Henri-Lemire,https://www.scholarab.ca/scholarships/bourse-henri-lemire/,59223,44464,11951,9431
/scholarships/bourse-huguette-et-georges-vincent/,listing,Bourse Huguette et Georges Vincent,https://www.scholarab.ca/scholarships/bourse-huguette-et-georges-vincent/,59385,44626,11923,9385
/scholarships/bourse-jeannine-roy-et-emile-amyotte/,listing,Bourse Jeannine (Roy) et Émile Amyotte,https://www.scholarab.ca/scholarships/bourse-jeannine-roy-et-emile-amyotte/,59652,44893,11981,9452
/scholarships/bourse-juliette-richard-et-denise-richard-ulliac-merta/,listing,Bourse Juliette Richard et Denise (Richard) Ulliac-Merta,https://www.scholarab.ca/scholarships/bourse-juliette-richard-et-denise-richard-ulliac-merta/,57495,42736,11695,9133
/scholarships/bourse-marie-claire-et-rene-champagne/,listing,Bourse Marie-Claire et René Champagne,https://www.scholarab.ca/scholarships/bourse-marie-claire-et-rene-champagne/,57329,42570,11691,9142
/scholarships/bourse-marie-rose-et-laurent-goudreau/,listing,Bourse Marie-Rose et Laurent Goudreau,https://www.scholarab.ca/scholarships/bourse-marie-rose-et-laurent-goudreau/,57488,42729,11723,9178
/scholarships/bourse-marilyn-et-denis-magnan/,listing,Bourse Marilyn et Denis Magnan,https://www.scholarab.ca/scholarships/bourse-marilyn-et-denis-magnan/,57132,42373,11570,9030
/scholarships/bourse-nouveau-depart-de-la-famille-armand-et-madeleine-mercier/,listing,Bourse Nouveau-Départ de la famille Armand-et-Madeleine-Mercier,https://www.scholarab.ca/scholarships/bourse-nouveau-depart-de-la-famille-armand-et-madeleine-mercier/,59515,44756,11977,9416
/scholarships/bourse-paul-charbonneau/,listing,Bourse Paul-Charbonneau,https://www.scholarab.ca/scholarships/bourse-paul-charbonneau/,57391,42632,11547,9027
/scholarships/bourse-priscille-breault-et-james-e-brown/,listing,Bourse Priscille Breault et James-E. Brown,https://www.scholarab.ca/scholarships/bourse-priscille-breault-et-james-e-brown/,57305,42546,11645,9089
/scholarships/bourse-societe-france-edmonton/,listing,Bourse Société France-Edmonton,https://www.scholarab.ca/scholarships/bourse-societe-france-edmonton/,57023,42264,11588,9059
/scholarships/bourse-via-musica/,listing,Bourse Via Musica,https://www.scholarab.ca/scholarships/bourse-via-musica/,59219,44460,11910,9398
/scholarships/bourse-yvette-lebeuf-et-marcel-vincent/,listing,Bourse Yvette Lebeuf et Marcel Vincent,https://www.scholarab.ca/scholarships/bourse-yvette-lebeuf-et-marcel-vincent/,59236,44477,11879,9337
/scholarships/bow-island-and-district-health-foundation-scholarship/,listing,Bow Island and District Health Foundation Scholarship,https://www.scholarab.ca/scholarships/bow-island-and-district-health-foundation-scholarship/,59754,44995,12170,9663
/scholarships/bow-valley-credit-union-scholarship/,listing,Bow Valley Credit Union Scholarship,https://www.scholarab.ca/scholarships/bow-valley-credit-union-scholarship/,60526,45767,12131,9598
/scholarships/bow-valley-high-school-committee-scholarships/,listing,Bow Valley High School Committee Scholarships,https://www.scholarab.ca/scholarships/bow-valley-high-school-committee-scholarships/,59526,44767,11971,9457
/scholarships/bower-dental-centre-scholarship/,listing,Bower Dental Centre Scholarship,https://www.scholarab.ca/scholarships/bower-dental-centre-scholarship/,59546,44787,11873,9371
/scholarships/boyle-and-district-agricultural-society-scholarship/,listing,Boyle and District Agricultural Society Scholarship,https://www.scholarab.ca/scholarships/boyle-and-district-agricultural-society-scholarship/,59192,44433,12026,9504
/scholarships/boyle-healthcare-centre-auxiliary-bursary/,listing,Boyle Healthcare Centre Auxiliary Bursary,https://www.scholarab.ca/scholarships/boyle-healthcare-centre-auxiliary-bursary/,58788,44029,11949,9437
/scholarships/boyle-lions-club-scholarship/,listing,Boyle Lions Club Scholarship,https://www.scholarab.ca/scholarships/boyle-lions-club-scholarship/,61108,46349,12315,9808
/scholarships/boyle-school-parents-advisory-award/,listing,Boyle School Parents Advisory Award,https://www.scholarab.ca/scholarships/boyle-school-parents-advisory-award/,61292,46533,12425,9921
/scholarships/bpo-elks-memorial-scholarship/,listing,BPO Elks Memorial Scholarship,https://www.scholarab.ca/scholarships/bpo-elks-memorial-scholarship/,58925,44166,11971,9459
/scholarships/bradley-hillmo-anderson-memorial-award/,listing,Bradley Hillmo Anderson Memorial Award,https://www.scholarab.ca/scholarships/bradley-hillmo-anderson-memorial-award/,59731,44972,11994,9458
/scholarships/brady-van-der-heide-citizenship-award/,listing,Brady van der Heide Citizenship Award,https://www.scholarab.ca/scholarships/brady-van-der-heide-citizenship-award/,59456,44697,12166,9669
/scholarships/brandon-langhjelm-memorial-essay-contest/,listing,Brandon Langhjelm Memorial Essay Contest,https://www.scholarab.ca/scholarships/brandon-langhjelm-memorial-essay-contest/,60270,45511,12029,9526
/scholarships/brazeau-county-agricultural-service-board-bursary/,listing,Brazeau County Agricultural Service Board Bursary,https://www.scholarab.ca/scholarships/brazeau-county-agricultural-service-board-bursary/,59132,44373,11816,9252
/scholarships/breakthrough-opportunity-bursary-for-new-immigrants/,listing,Breakthrough Opportunity Bursary for New Immigrants,https://www.scholarab.ca/scholarships/breakthrough-opportunity-bursary-for-new-immigrants/,59977,45218,12070,9520
/scholarships/bredal-energy-fund-scholarship/,listing,Bredal Energy Fund Scholarship,https://www.scholarab.ca/scholarships/bredal-energy-fund-scholarship/,61351,46592,12295,9784
/scholarships/bree-eriksen-memorial-dance-award/,listing,Bree Eriksen Memorial Dance Award,https://www.scholarab.ca/scholarships/bree-eriksen-memorial-dance-award/,59273,44514,11943,9411
/scholarships/brent-gawne-memorial-scholarship/,listing,Brent Gawne Memorial Scholarship,https://www.scholarab.ca/scholarships/brent-gawne-memorial-scholarship/,58845,44086,11776,9250
/scholarships/brett-binder-leadership-award/,listing,Brett Binder Leadership Award,https://www.scholarab.ca/scholarships/brett-binder-leadership-award/,59521,44762,11781,9272
/scholarships/brian-knull-memorial-scholarship/,listing,Brian Knull Memorial Scholarship,https://www.scholarab.ca/scholarships/brian-knull-memorial-scholarship/,61500,46741,12413,9885
/scholarships/brittany-ann-urkevich-memorial-scholarship/,listing,Brittany Ann Urkevich Memorial Scholarship,https://www.scholarab.ca/scholarships/brittany-ann-urkevich-memorial-scholarship/,56635,41876,11344,8813
/scholarships/brittany-hughes-memorial-scholarship-fund/,listing,Brittany Hughes Memorial Scholarship Fund,https://www.scholarab.ca/scholarships/brittany-hughes-memorial-scholarship-fund/,56895,42136,11422,8879
/scholarships/brookes-college-award/,listing,Brookes College Award,https://www.scholarab.ca/scholarships/brookes-college-award/,57394,42635,11644,9114
/scholarships/brooks/,directory,Brooks scholarships,https://www.scholarab.ca/scholarships/brooks/,162058,135390,25872,22479
/scholarships/brooks-and-district-chamber-of-commerce-business-scholarship/,listing,Brooks and District Chamber of Commerce Business Scholarship,https://www.scholarab.ca/scholarships/brooks-and-district-chamber-of-commerce-business-scholarship/,61868,47109,12509,9965
/scholarships/brooks-and-district-kiwanis-club-vocational-scholarship/,listing,Brooks and District Kiwanis Club Vocational Scholarship,https://www.scholarab.ca/scholarships/brooks-and-district-kiwanis-club-vocational-scholarship/,61453,46694,12396,9865
/scholarships/brooks-district-health-foundation-scholarship-fund/,listing,Brooks & District Health Foundation Scholarship Fund,https://www.scholarab.ca/scholarships/brooks-district-health-foundation-scholarship-fund/,60028,45269,12020,9463
/scholarships/brooks-district-retired-teachers-scholarship/,listing,Brooks & District Retired Teachers' Scholarship,https://www.scholarab.ca/scholarships/brooks-district-retired-teachers-scholarship/,62456,47697,12705,10176
/scholarships/brooks-elks-lodge-leadership-scholarship/,listing,Brooks Elks Lodge Leadership Scholarship,https://www.scholarab.ca/scholarships/brooks-elks-lodge-leadership-scholarship/,59755,44996,11845,9338
/scholarships/brooks-kinsmen-citizenship-award/,listing,Brooks Kinsmen Citizenship Award,https://www.scholarab.ca/scholarships/brooks-kinsmen-citizenship-award/,60006,45247,11933,9412
/scholarships/brooks-kiwanis-club-armstrong-trust-scholarship/,listing,Brooks Kiwanis Club Armstrong Trust Scholarship,https://www.scholarab.ca/scholarships/brooks-kiwanis-club-armstrong-trust-scholarship/,61617,46858,12469,9961
/scholarships/brooks-masonic-foundation-scholarship/,listing,Brooks Masonic Foundation Scholarship,https://www.scholarab.ca/scholarships/brooks-masonic-foundation-scholarship/,59812,45053,11929,9422
/scholarships/brooks-rotary-club-award/,listing,Brooks Rotary Club Award,https://www.scholarab.ca/scholarships/brooks-rotary-club-award/,59614,44855,11878,9367
/scholarships/brooks-rotary-club-pathfinder-scholarship/,listing,Brooks Rotary Club Pathfinder Scholarship,https://www.scholarab.ca/scholarships/brooks-rotary-club-pathfinder-scholarship/,59845,45086,11952,9415
/scholarships/brostrom-maltby-memorial-award/,listing,Brostrom-Maltby Memorial Award,https://www.scholarab.ca/scholarships/brostrom-maltby-memorial-award/,62068,47309,12483,9962
/scholarships/bruce-and-mary-marsh-education-scholarship/,listing,Bruce and Mary Marsh Education Scholarship,https://www.scholarab.ca/scholarships/bruce-and-mary-marsh-education-scholarship/,61324,46565,12310,9800
/scholarships/bruce-leitl-composition-award/,listing,Bruce Leitl Composition Award,https://www.scholarab.ca/scholarships/bruce-leitl-composition-award/,59414,44655,11912,9391
/scholarships/bruins-plumbing-heating-ltd-1st-year-apprenticeship-scholarship/,listing,Bruin's Plumbing & Heating Ltd. 1st Year Apprenticeship Scholarship,https://www.scholarab.ca/scholarships/bruins-plumbing-heating-ltd-1st-year-apprenticeship-scholarship/,59615,44856,11849,9307
/scholarships/bruins-plumbing-heating-ltd-2nd-year-apprenticeship-scholarship/,listing,Bruin's Plumbing & Heating Ltd. 2nd Year Apprenticeship Scholarship,https://www.scholarab.ca/scholarships/bruins-plumbing-heating-ltd-2nd-year-apprenticeship-scholarship/,59810,45051,11843,9310
/scholarships/bruins-plumbing-heating-ltd-3rd-year-apprenticeship-scholarship/,listing,Bruin's Plumbing & Heating Ltd. 3rd Year Apprenticeship Scholarship,https://www.scholarab.ca/scholarships/bruins-plumbing-heating-ltd-3rd-year-apprenticeship-scholarship/,59746,44987,11836,9291
/scholarships/bryan-james-wright-memorial-bursary/,listing,Bryan James Wright Memorial Bursary,https://www.scholarab.ca/scholarships/bryan-james-wright-memorial-bursary/,59287,44528,12091,9573
/scholarships/bscn-faculty-scholarship/,listing,BScN Faculty Scholarship,https://www.scholarab.ca/scholarships/bscn-faculty-scholarship/,61125,46366,12296,9785
/scholarships/bscn-faculty-summit-scholarship/,listing,BScN Faculty Summit Scholarship,https://www.scholarab.ca/scholarships/bscn-faculty-summit-scholarship/,59174,44415,12021,9508
/scholarships/buchwald-family-scholarship/,listing,Buchwald Family Scholarship,https://www.scholarab.ca/scholarships/buchwald-family-scholarship/,61313,46554,12326,9807
/scholarships/bunge-scholarship-for-business/,listing,Bunge Scholarship for Business,https://www.scholarab.ca/scholarships/bunge-scholarship-for-business/,59093,44334,11789,9253
/scholarships/bunzl-scholarship/,listing,Bunzl Scholarship,https://www.scholarab.ca/scholarships/bunzl-scholarship/,57513,42754,11646,9122
/scholarships/burgar-funeral-home-scholarship/,listing,Burgar Funeral Home Scholarship,https://www.scholarab.ca/scholarships/burgar-funeral-home-scholarship/,57721,42962,11589,9073
/scholarships/burger-king-scholars-program/,listing,Burger King Scholars Program,https://www.scholarab.ca/scholarships/burger-king-scholars-program/,57349,42590,11656,9107
/scholarships/burman-university-academic-excellence-scholarship/,listing,Burman University Academic Excellence Scholarship,https://www.scholarab.ca/scholarships/burman-university-academic-excellence-scholarship/,57691,42932,11631,9098
/scholarships/burman-university-athletic-scholarship/,listing,Burman University Athletic Scholarship,https://www.scholarab.ca/scholarships/burman-university-athletic-scholarship/,58841,44082,11731,9205
/scholarships/burman-university-central-alberta-new-students-scholarship/,listing,Burman University Central Alberta New Students Scholarship,https://www.scholarab.ca/scholarships/burman-university-central-alberta-new-students-scholarship/,59507,44748,11923,9374
/scholarships/burman-university-early-admission-tuition-scholarship/,listing,Burman University Early Admission Tuition Scholarship,https://www.scholarab.ca/scholarships/burman-university-early-admission-tuition-scholarship/,59663,44904,12211,9674
/scholarships/burman-university-leadership-service-scholarship/,listing,Burman University Leadership & Service Scholarship,https://www.scholarab.ca/scholarships/burman-university-leadership-service-scholarship/,57231,42472,11552,9025
/scholarships/burman-university-music-scholarship/,listing,Burman University Music Scholarship,https://www.scholarab.ca/scholarships/burman-university-music-scholarship/,56780,42021,11511,8964
/scholarships/burman-university-orchestral-scholarship/,listing,Burman University Orchestral Scholarship,https://www.scholarab.ca/scholarships/burman-university-orchestral-scholarship/,61534,46775,12495,9962
/scholarships/burman-university-presidents-award-for-salutatorians/,listing,Burman University President's Award for Salutatorians,https://www.scholarab.ca/scholarships/burman-university-presidents-award-for-salutatorians/,57169,42410,11473,8934
/scholarships/burman-university-presidents-award-for-superior-academic-achievement/,listing,Burman University President's Award for Superior Academic Achievement,https://www.scholarab.ca/scholarships/burman-university-presidents-award-for-superior-academic-achievement/,62069,47310,12583,10015
/scholarships/burman-university-presidents-award-for-valedictorians/,listing,Burman University President's Award for Valedictorians,https://www.scholarab.ca/scholarships/burman-university-presidents-award-for-valedictorians/,59178,44419,11781,9263
/scholarships/burman-university-school-of-business-scholarship/,listing,Burman University School of Business Scholarship,https://www.scholarab.ca/scholarships/burman-university-school-of-business-scholarship/,59036,44277,11727,9201
/scholarships/burns-fire-fund-post-secondary-grant/,listing,Burns Fire Fund Post-Secondary Grant,https://www.scholarab.ca/scholarships/burns-fire-fund-post-secondary-grant/,59073,44314,11901,9372
/scholarships/burns-memorial-fund-high-school-bursary-program/,listing,Burns Memorial Fund High School Bursary Program,https://www.scholarab.ca/scholarships/burns-memorial-fund-high-school-bursary-program/,61739,46980,12464,9919
/scholarships/burns-police-fund-post-secondary-grant/,listing,Burns Police Fund Post-Secondary Grant,https://www.scholarab.ca/scholarships/burns-police-fund-post-secondary-grant/,61400,46641,12446,9923
/scholarships/burnt-lee-recreation-area-scholarship/,listing,Burnt Lee Recreation Area Scholarship,https://www.scholarab.ca/scholarships/burnt-lee-recreation-area-scholarship/,61514,46755,12401,9897
/scholarships/cabef-agricultural-scholarships/,listing,CABEF Agricultural Scholarships,https://www.scholarab.ca/scholarships/cabef-agricultural-scholarships/,57152,42393,11735,9196
/scholarships/cafcl-human-services-scholarship/,listing,CAFCL Human Services Scholarship,https://www.scholarab.ca/scholarships/cafcl-human-services-scholarship/,57047,42288,11477,8944
/scholarships/cairo-lodge-32-bursary-fund/,listing,Cairo Lodge #32 Bursary Fund,https://www.scholarab.ca/scholarships/cairo-lodge-32-bursary-fund/,61043,46284,12276,9758
/scholarships/calgarians-improving-society-award/,listing,Calgarians Improving Society Award,https://www.scholarab.ca/scholarships/calgarians-improving-society-award/,57612,42853,11689,9168
/scholarships/calgary/,directory,Calgary scholarships,https://www.scholarab.ca/scholarships/calgary/,406416,355577,48525,42597
/scholarships/calgary-black-chambers-business-scholarship/,listing,Calgary Black Chambers Business Scholarship,https://www.scholarab.ca/scholarships/calgary-black-chambers-business-scholarship/,60110,45351,12173,9645
/scholarships/calgary-black-chambers-cavalry-fc-athletic-scholarship/,listing,Calgary Black Chambers Cavalry FC Athletic Scholarship,https://www.scholarab.ca/scholarships/calgary-black-chambers-cavalry-fc-athletic-scholarship/,59710,44951,12058,9524
/scholarships/calgary-black-chambers-legacy-entrance-scholarship/,listing,Calgary Black Chambers Legacy Entrance Scholarship,https://www.scholarab.ca/scholarships/calgary-black-chambers-legacy-entrance-scholarship/,59736,44977,11981,9434
/scholarships/calgary-black-chambers-legacy-scholarship/,listing,Calgary Black Chambers Legacy Scholarship,https://www.scholarab.ca/scholarships/calgary-black-chambers-legacy-scholarship/,59964,45205,12105,9564
/scholarships/calgary-black-chambers-nutrien-community-scholarship/,listing,Calgary Black Chambers Nutrien Community Scholarship,https://www.scholarab.ca/scholarships/calgary-black-chambers-nutrien-community-scholarship/,59768,45009,11996,9477
/scholarships/calgary-black-chambers-transalta-stem-scholarship/,listing,Calgary Black Chambers TransAlta STEM Scholarship,https://www.scholarab.ca/scholarships/calgary-black-chambers-transalta-stem-scholarship/,57658,42899,11750,9220
/scholarships/calgary-calabrese-academic-scholarship/,listing,Calgary Calabrese Academic Scholarship,https://www.scholarab.ca/scholarships/calgary-calabrese-academic-scholarship/,58948,44189,11702,9185
/scholarships/calgary-calabrese-technical-scholarship/,listing,Calgary Calabrese Technical Scholarship,https://www.scholarab.ca/scholarships/calgary-calabrese-technical-scholarship/,58983,44224,11760,9245
/scholarships/calgary-catholic-school-district-kerry-dyte-educational-scholarship/,listing,Calgary Catholic School District Kerry Dyte Educational Scholarship,https://www.scholarab.ca/scholarships/calgary-catholic-school-district-kerry-dyte-educational-scholarship/,58109,43350,11744,9183
/scholarships/calgary-catholic-teachers-association-scholarship/,listing,Calgary Catholic Teachers Association Scholarship,https://www.scholarab.ca/scholarships/calgary-catholic-teachers-association-scholarship/,60223,45464,12021,9496
/scholarships/calgary-flames-foundation-community-involvement-scholarship/,listing,Calgary Flames Foundation Community Involvement Scholarship,https://www.scholarab.ca/scholarships/calgary-flames-foundation-community-involvement-scholarship/,59818,45059,11964,9431
/scholarships/calgary-flames-harley-hotchkiss-leadership-scholarship/,listing,Calgary Flames Harley Hotchkiss Leadership Scholarship,https://www.scholarab.ca/scholarships/calgary-flames-harley-hotchkiss-leadership-scholarship/,61548,46789,12342,9815
/scholarships/calgary-italian-cultural-centre-scholarship/,listing,Calgary Italian Cultural Centre Scholarship,https://www.scholarab.ca/scholarships/calgary-italian-cultural-centre-scholarship/,58842,44083,11701,9186
/scholarships/calgary-italian-sportswomens-dinner-association-scholarship/,listing,Calgary Italian Sportswomen's Dinner Association Scholarship,https://www.scholarab.ca/scholarships/calgary-italian-sportswomens-dinner-association-scholarship/,59861,45102,12242,9728
/scholarships/calgary-stampede-grade-12-western-art-scholarship/,listing,Calgary Stampede Grade 12 Western Art Scholarship,https://www.scholarab.ca/scholarships/calgary-stampede-grade-12-western-art-scholarship/,59105,44346,11707,9192
/scholarships/cam-clark-ford-sales-award/,listing,Cam Clark Ford Sales Award,https://www.scholarab.ca/scholarships/cam-clark-ford-sales-award/,61002,46243,12158,9654
/scholarships/campbellbrook-fund-4-h-canada-trade-scholarship/,listing,Campbellbrook Fund 4-H Canada Trade Scholarship,https://www.scholarab.ca/scholarships/campbellbrook-fund-4-h-canada-trade-scholarship/,59357,44598,11788,9246
/scholarships/campus-management-apprenticeship-bursary/,listing,Campus Management Apprenticeship Bursary,https://www.scholarab.ca/scholarships/campus-management-apprenticeship-bursary/,61564,46805,12276,9761
/scholarships/campus-management-green-bursary/,listing,Campus Management Green Bursary,https://www.scholarab.ca/scholarships/campus-management-green-bursary/,59311,44552,12071,9558
/scholarships/camrose/,directory,Camrose scholarships,https://www.scholarab.ca/scholarships/camrose/,226895,193900,32618,28389
/scholarships/camrose-and-district-fish-and-game-association-scholarship/,listing,Camrose and District Fish and Game Association Scholarship,https://www.scholarab.ca/scholarships/camrose-and-district-fish-and-game-association-scholarship/,57888,43129,11563,9014
/scholarships/camrose-catholic-womens-league-bursary/,listing,Camrose Catholic Women's League Bursary,https://www.scholarab.ca/scholarships/camrose-catholic-womens-league-bursary/,57392,42633,11501,8985
/scholarships/camrose-county-award/,listing,Camrose County Award,https://www.scholarab.ca/scholarships/camrose-county-award/,59387,44628,11799,9303
/scholarships/camrose-county-scholarship/,listing,Camrose County Scholarship,https://www.scholarab.ca/scholarships/camrose-county-scholarship/,57451,42692,11534,9044
/scholarships/camrose-legion-branch-57-ladies-auxiliary-bursaries/,listing,Camrose Legion Branch #57 Ladies Auxiliary Bursaries,https://www.scholarab.ca/scholarships/camrose-legion-branch-57-ladies-auxiliary-bursaries/,57625,42866,11539,8984
/scholarships/camrose-tour-of-alberta-award/,listing,Camrose Tour of Alberta Award,https://www.scholarab.ca/scholarships/camrose-tour-of-alberta-award/,59612,44853,11930,9419
/scholarships/canada-company-children-of-the-fallen-scholarship/,listing,Canada Company Children of the Fallen Scholarship,https://www.scholarab.ca/scholarships/canada-company-children-of-the-fallen-scholarship/,59122,44377,11830,9275
/scholarships/canada-west-homes-apprenticeship-bursary/,listing,Canada West Homes Apprenticeship Bursary,https://www.scholarab.ca/scholarships/canada-west-homes-apprenticeship-bursary/,61625,46866,12331,9801
/scholarships/canadas-luckiest-student/,listing,Canada's Luckiest Student,https://www.scholarab.ca/scholarships/canadas-luckiest-student/,56615,41856,11488,8962
/scholarships/canadian-angus-foundation-legacy-scholarship/,listing,Canadian Angus Foundation Legacy Scholarship,https://www.scholarab.ca/scholarships/canadian-angus-foundation-legacy-scholarship/,57091,42332,11571,9036
/scholarships/canadian-association-of-petroleum-producers-endowed-award/,listing,Canadian Association of Petroleum Producers Endowed Award,https://www.scholarab.ca/scholarships/canadian-association-of-petroleum-producers-endowed-award/,59839,45080,12106,9569
/scholarships/canadian-baptist-theological-seminary-and-college-scholarships/,listing,Canadian Baptist Theological Seminary and College Scholarships,https://www.scholarab.ca/scholarships/canadian-baptist-theological-seminary-and-college-scholarships/,57601,42842,11636,9087
/scholarships/canadian-fallen-firefighters-foundation-education-program/,listing,Canadian Fallen Firefighters Foundation Education Program,https://www.scholarab.ca/scholarships/canadian-fallen-firefighters-foundation-education-program/,57392,42633,11646,9064
/scholarships/canadian-forces-family-scholarship/,listing,Canadian Forces Family Scholarship,https://www.scholarab.ca/scholarships/canadian-forces-family-scholarship/,57330,42571,11651,9103
/scholarships/canadian-forest-products-scholarship/,listing,Canadian Forest Products Scholarship,https://www.scholarab.ca/scholarships/canadian-forest-products-scholarship/,59275,44516,12086,9582
/scholarships/canadian-hearing-services-national-scholarship/,listing,Canadian Hearing Services National Scholarship,https://www.scholarab.ca/scholarships/canadian-hearing-services-national-scholarship/,57470,42711,11683,9118
/scholarships/canadian-hero-fund-scholarships/,listing,Canadian Hero Fund Scholarships,https://www.scholarab.ca/scholarships/canadian-hero-fund-scholarships/,58799,44040,11763,9247
/scholarships/canadian-junior-angus-scholarships/,listing,Canadian Junior Angus Scholarships,https://www.scholarab.ca/scholarships/canadian-junior-angus-scholarships/,57058,42299,11572,9057
/scholarships/canadian-natural-environmental-technology-award/,listing,Canadian Natural Environmental Technology Award,https://www.scholarab.ca/scholarships/canadian-natural-environmental-technology-award/,61582,46823,12327,9811
/scholarships/canadian-natural-power-engineer-award/,listing,Canadian Natural Power Engineer Award,https://www.scholarab.ca/scholarships/canadian-natural-power-engineer-award/,61451,46692,12306,9812
/scholarships/canadian-natural-resources-scholarship/,listing,Canadian Natural Resources Scholarship,https://www.scholarab.ca/scholarships/canadian-natural-resources-scholarship/,58833,44074,11682,9128
/scholarships/canadian-parents-for-french-ardrossan-chapter-scholarship/,listing,Canadian Parents for French Ardrossan Chapter Scholarship,https://www.scholarab.ca/scholarships/canadian-parents-for-french-ardrossan-chapter-scholarship/,59346,44587,11890,9350
/scholarships/canadian-parents-for-french-fsl-award/,listing,Canadian Parents for French FSL Award,https://www.scholarab.ca/scholarships/canadian-parents-for-french-fsl-award/,59911,45152,11963,9428
/scholarships/canadian-women-in-stem-award/,listing,Canadian Women in STEM Award,https://www.scholarab.ca/scholarships/canadian-women-in-stem-award/,58951,44192,11787,9250
/scholarships/cando-award/,listing,Cando Award,https://www.scholarab.ca/scholarships/cando-award/,57103,42344,11478,8964
/scholarships/cando-high-school-spirit-scholarship/,listing,Cando High School Spirit Scholarship,https://www.scholarab.ca/scholarships/cando-high-school-spirit-scholarship/,61967,47208,12473,9949
/scholarships/canmore-collegiate-high-school-scholarships-and-awards/,listing,Canmore Collegiate High School Scholarships and Awards,https://www.scholarab.ca/scholarships/canmore-collegiate-high-school-scholarships-and-awards/,59728,44969,11890,9372
/scholarships/cansafe-inc-scholarship/,listing,CANSAFE Inc. Scholarship,https://www.scholarab.ca/scholarships/cansafe-inc-scholarship/,62260,47501,12637,10124
/scholarships/capital-plumbing-and-heating-scholarship/,listing,Capital Plumbing and Heating Scholarship,https://www.scholarab.ca/scholarships/capital-plumbing-and-heating-scholarship/,59440,44681,11952,9428
/scholarships/cara-brown-scholarship/,listing,Cara Brown Scholarship,https://www.scholarab.ca/scholarships/cara-brown-scholarship/,61195,46436,12380,9852
/scholarships/carbon-and-district-agricultural-society-ag-scholarship/,listing,Carbon and District Agricultural Society Ag Scholarship,https://www.scholarab.ca/scholarships/carbon-and-district-agricultural-society-ag-scholarship/,59520,44761,12080,9560
/scholarships/cardston-high-school-scholarships-and-awards/,listing,Cardston High School Scholarships and Awards,https://www.scholarab.ca/scholarships/cardston-high-school-scholarships-and-awards/,59531,44772,11846,9336
/scholarships/carmangay-lions-club-legacy-scholarship/,listing,Carmangay Lions Club Legacy Scholarship,https://www.scholarab.ca/scholarships/carmangay-lions-club-legacy-scholarship/,59388,44629,12082,9567
/scholarships/carol-lee-bellam-legacy-award/,listing,Carol Lee Bellam Legacy Award,https://www.scholarab.ca/scholarships/carol-lee-bellam-legacy-award/,57854,43095,11767,9236
/scholarships/carol-maceachern-memorial-nursing-scholarship/,listing,Carol MacEachern Memorial Nursing Scholarship,https://www.scholarab.ca/scholarships/carol-maceachern-memorial-nursing-scholarship/,59811,45052,11897,9389
/scholarships/carolyn-baxter-memorial-award/,listing,Carolyn Baxter Memorial Award,https://www.scholarab.ca/scholarships/carolyn-baxter-memorial-award/,60025,45266,12151,9625
/scholarships/carstairs-elks-business-and-entrepreneurship-scholarship/,listing,Carstairs Elks Business and Entrepreneurship Scholarship,https://www.scholarab.ca/scholarships/carstairs-elks-business-and-entrepreneurship-scholarship/,56695,41936,11434,8886
/scholarships/carstairs-elks-creative-arts-scholarship/,listing,Carstairs Elks Creative Arts Scholarship,https://www.scholarab.ca/scholarships/carstairs-elks-creative-arts-scholarship/,58703,43944,11698,9152
/scholarships/carstairs-elks-health-services-scholarship/,listing,Carstairs Elks Health Services Scholarship,https://www.scholarab.ca/scholarships/carstairs-elks-health-services-scholarship/,56681,41922,11406,8873
/scholarships/carstairs-elks-tiny-lafleur-science-bursary/,listing,Carstairs Elks Tiny Lafleur Science Bursary,https://www.scholarab.ca/scholarships/carstairs-elks-tiny-lafleur-science-bursary/,58815,44056,11754,9225
/scholarships/carstairs-elks-trades-bursaries/,listing,Carstairs Elks Trades Bursaries,https://www.scholarab.ca/scholarships/carstairs-elks-trades-bursaries/,58798,44039,11605,9080
/scholarships/castor-district-agricultural-society-scholarship/,listing,Castor & District Agricultural Society Scholarship,https://www.scholarab.ca/scholarships/castor-district-agricultural-society-scholarship/,59240,44481,11753,9229
/scholarships/catherine-and-robert-povaschuk-scholarship/,listing,Catherine and Robert Povaschuk Scholarship,https://www.scholarab.ca/scholarships/catherine-and-robert-povaschuk-scholarship/,59459,44700,11848,9318
/scholarships/catholic-womens-league-student-citizens-award/,listing,Catholic Women's League Student Citizen's Award,https://www.scholarab.ca/scholarships/catholic-womens-league-student-citizens-award/,61152,46393,12343,9820
/scholarships/catronia-gibson-scholarship/,listing,Catronia Gibson Scholarship,https://www.scholarab.ca/scholarships/catronia-gibson-scholarship/,57510,42751,11591,9085
/scholarships/cbe-staff-association-scholarship-award/,listing,CBE Staff Association Scholarship Award,https://www.scholarab.ca/scholarships/cbe-staff-association-scholarship-award/,59482,44723,11925,9407
/scholarships/cbfy-youth-achievement-award-scholarship/,listing,CBFY Youth Achievement Award Scholarship,https://www.scholarab.ca/scholarships/cbfy-youth-achievement-award-scholarship/,57065,42306,11556,8997
/scholarships/ccspe-indigenous-stem-scholarship/,listing,CCSPE Indigenous STEM Scholarship,https://www.scholarab.ca/scholarships/ccspe-indigenous-stem-scholarship/,60530,45771,12133,9632
/scholarships/ccwa-george-wall-memorial-agricultural-scholarship/,listing,CCWA George Wall Memorial Agricultural Scholarship,https://www.scholarab.ca/scholarships/ccwa-george-wall-memorial-agricultural-scholarship/,61499,46740,12381,9853
/scholarships/ccwa-helen-dueck-memorial-nursing-scholarship/,listing,CCWA Helen Dueck Memorial Nursing Scholarship,https://www.scholarab.ca/scholarships/ccwa-helen-dueck-memorial-nursing-scholarship/,61642,46883,12535,10008
/scholarships/ccwa-jake-janzen-memorial-community-service-scholarship/,listing,CCWA Jake Janzen Memorial Community Service Scholarship,https://www.scholarab.ca/scholarships/ccwa-jake-janzen-memorial-community-service-scholarship/,61456,46697,12392,9844
/scholarships/cd-macrae-office-administration-award/,listing,C.D. MacRae Office Administration Award,https://www.scholarab.ca/scholarships/cd-macrae-office-administration-award/,59821,45062,12163,9650
/scholarships/ceac-environmental-scholarship/,listing,CEAC Environmental Scholarship,https://www.scholarab.ca/scholarships/ceac-environmental-scholarship/,58774,44015,11682,9161
/scholarships/ceda-indigenous-onikaniw-eskwew-award/,listing,CEDA Indigenous Onikaniw Eskwew Award,https://www.scholarab.ca/scholarships/ceda-indigenous-onikaniw-eskwew-award/,61732,46973,12435,9910
/scholarships/ceda-student-advancement-award/,listing,CEDA Student Advancement Award,https://www.scholarab.ca/scholarships/ceda-student-advancement-award/,59462,44703,12058,9549
/scholarships/ceea-energy-industry-award/,listing,CEEA Energy Industry Award,https://www.scholarab.ca/scholarships/ceea-energy-industry-award/,61493,46734,12454,9915
/scholarships/ceea-indigenous-award/,listing,CEEA Indigenous Award,https://www.scholarab.ca/scholarships/ceea-indigenous-award/,59565,44806,12014,9514
/scholarships/cemf-john-evans-engineering-entrance-award/,listing,CEMF John Evans Engineering Entrance Award,https://www.scholarab.ca/scholarships/cemf-john-evans-engineering-entrance-award/,59179,44420,11784,9252
/scholarships/cenovus-energy-indigenous-scholarship/,listing,Cenovus Energy Indigenous Scholarship,https://www.scholarab.ca/scholarships/cenovus-energy-indigenous-scholarship/,61563,46804,12542,10022
/scholarships/central-alberta-co-op-scholarship/,listing,Central Alberta Co-op Scholarship,https://www.scholarab.ca/scholarships/central-alberta-co-op-scholarship/,59651,44892,11992,9464
/scholarships/central-alberta-human-resources-scholarship/,listing,Central Alberta Human Resources Scholarship,https://www.scholarab.ca/scholarships/central-alberta-human-resources-scholarship/,59700,44941,12083,9586
/scholarships/central-alberta-vintage-auto-club-bob-and-jean-spencer-scholarship/,listing,Central Alberta Vintage Auto Club Bob and Jean Spencer Scholarship,https://www.scholarab.ca/scholarships/central-alberta-vintage-auto-club-bob-and-jean-spencer-scholarship/,59323,44564,11830,9287
/scholarships/century-21-mary-poirier-scholarship/,listing,Century 21 Mary Poirier Scholarship,https://www.scholarab.ca/scholarships/century-21-mary-poirier-scholarship/,61168,46409,12315,9806
/scholarships/chamber-of-commerce-jesse-burgess-award/,listing,Chamber of Commerce Jesse Burgess Award,https://www.scholarab.ca/scholarships/chamber-of-commerce-jesse-burgess-award/,60113,45354,12012,9484
/scholarships/chamber-of-commerce-scholarship-lloydminster/,listing,Chamber of Commerce Scholarship (Lloydminster),https://www.scholarab.ca/scholarships/chamber-of-commerce-scholarship-lloydminster/,62155,47396,12462,9944
/scholarships/chapman-business-or-finance-scholarship/,listing,Chapman Business or Finance Scholarship,https://www.scholarab.ca/scholarships/chapman-business-or-finance-scholarship/,61192,46433,12353,9843
/scholarships/charles-ruigrok-syncrude-canada-athletic-award/,listing,Charles Ruigrok Syncrude Canada Athletic Award,https://www.scholarab.ca/scholarships/charles-ruigrok-syncrude-canada-athletic-award/,61754,46995,12495,9973
/scholarships/charles-s-noble-scholarship-for-study-at-harvard/,listing,Charles S. Noble Scholarship for Study at Harvard,https://www.scholarab.ca/scholarships/charles-s-noble-scholarship-for-study-at-harvard/,61496,46737,12404,9848
/scholarships/charlie-and-helen-mccleary-endowment-fund/,listing,Charlie and Helen McCleary Endowment Fund,https://www.scholarab.ca/scholarships/charlie-and-helen-mccleary-endowment-fund/,57686,42927,11656,9112
/scholarships/charlie-fielding-memorial-bursary/,listing,Charlie Fielding Memorial Bursary,https://www.scholarab.ca/scholarships/charlie-fielding-memorial-bursary/,59477,44718,11952,9423
/scholarships/charmaine-letourneau-scholarship/,listing,Charmaine Letourneau Scholarship,https://www.scholarab.ca/scholarships/charmaine-letourneau-scholarship/,61299,46540,12307,9770
/scholarships/chestermere/,directory,Chestermere scholarships,https://www.scholarab.ca/scholarships/chestermere/,87252,67137,16544,13740
/scholarships/chestermere-high-school-awards/,listing,Chestermere High School Awards,https://www.scholarab.ca/scholarships/chestermere-high-school-awards/,57507,42748,11701,9195
/scholarships/chestermere-high-school-scholarship/,listing,Chestermere High School Scholarship,https://www.scholarab.ca/scholarships/chestermere-high-school-scholarship/,60831,46072,12532,10032
/scholarships/chha-scholarship-program/,listing,CHHA Scholarship Program,https://www.scholarab.ca/scholarships/chha-scholarship-program/,58842,44083,11731,9206
/scholarships/chick-fil-a-community-scholars/,listing,Chick-fil-A Community Scholars,https://www.scholarab.ca/scholarships/chick-fil-a-community-scholars/,61484,46725,12461,9933
/scholarships/chief-ronald-w-clarke-fund-student-award/,listing,Chief Ronald W. Clarke Fund Student Award,https://www.scholarab.ca/scholarships/chief-ronald-w-clarke-fund-student-award/,59738,44979,11981,9472
/scholarships/childrens-aid-foundation-of-canada-scholarships/,listing,Children's Aid Foundation of Canada Scholarships,https://www.scholarab.ca/scholarships/childrens-aid-foundation-of-canada-scholarships/,60049,45105,12238,9639
/scholarships/china-alberta-award-for-excellence-in-chinese/,listing,China-Alberta Award for Excellence in Chinese,https://www.scholarab.ca/scholarships/china-alberta-award-for-excellence-in-chinese/,59735,44976,11978,9452
/scholarships/chris-judge-award/,listing,Chris Judge Award,https://www.scholarab.ca/scholarships/chris-judge-award/,57769,43010,11691,9173
/scholarships/chris-killeen-memorial-bursary/,listing,Chris Killeen Memorial Bursary,https://www.scholarab.ca/scholarships/chris-killeen-memorial-bursary/,59078,44319,11826,9297
/scholarships/chris-mcmechan-memorial-award-in-science-and-outdoor-pursuits/,listing,Chris McMechan Memorial Award in Science and Outdoor Pursuits,https://www.scholarab.ca/scholarships/chris-mcmechan-memorial-award-in-science-and-outdoor-pursuits/,60310,45551,12091,9516
/scholarships/christie-foreman-and-christopher-wong-scholarship/,listing,Christie Foreman and Christopher Wong Scholarship,https://www.scholarab.ca/scholarships/christie-foreman-and-christopher-wong-scholarship/,59624,44865,12138,9625
/scholarships/christopher-dennis-scholarship/,listing,Christopher Dennis Scholarship,https://www.scholarab.ca/scholarships/christopher-dennis-scholarship/,60319,45560,12343,9846
/scholarships/chs-james-kreppner-memorial-scholarship-and-bursary/,listing,CHS James Kreppner Memorial Scholarship and Bursary,https://www.scholarab.ca/scholarships/chs-james-kreppner-memorial-scholarship-and-bursary/,61899,47140,12667,10106
/scholarships/chuck-love-memorial-scholarship/,listing,Chuck Love Memorial Scholarship,https://www.scholarab.ca/scholarships/chuck-love-memorial-scholarship/,61272,46513,12289,9790
/scholarships/cim-oil-sands-branch-ecole-polytechnique-memorial-award/,listing,C.I.M. Oil Sands Branch Ecole Polytechnique Memorial Award,https://www.scholarab.ca/scholarships/cim-oil-sands-branch-ecole-polytechnique-memorial-award/,59791,45032,12140,9592
/scholarships/cim-taking-flight-grants/,listing,CIM Taking Flight Grants,https://www.scholarab.ca/scholarships/cim-taking-flight-grants/,62220,47461,12750,10226
/scholarships/citizenship-in-democracy-award/,listing,Citizenship in Democracy Award,https://www.scholarab.ca/scholarships/citizenship-in-democracy-award/,59354,44595,12147,9633
/scholarships/city-of-calgary-degree-granting-scholarship/,listing,City of Calgary Degree-Granting Scholarship,https://www.scholarab.ca/scholarships/city-of-calgary-degree-granting-scholarship/,59701,44942,11963,9438
/scholarships/city-of-calgary-post-secondary-scholarship/,listing,City of Calgary Post-Secondary Scholarship,https://www.scholarab.ca/scholarships/city-of-calgary-post-secondary-scholarship/,59655,44896,11970,9444
/scholarships/city-of-champions-lions-club-scholarship/,listing,City of Champions Lions Club Scholarship,https://www.scholarab.ca/scholarships/city-of-champions-lions-club-scholarship/,57554,42795,11580,9042
/scholarships/cksf-special-talent-award/,listing,CKSF Special Talent Award,https://www.scholarab.ca/scholarships/cksf-special-talent-award/,59540,44781,12145,9630
/scholarships/clac-scholarship/,listing,CLAC Scholarship,https://www.scholarab.ca/scholarships/clac-scholarship/,58713,43954,11810,9286
/scholarships/claire-mccormick-poppitt-award/,listing,Claire McCormick Poppitt Award,https://www.scholarab.ca/scholarships/claire-mccormick-poppitt-award/,60218,45459,12105,9587
/scholarships/claresholm-lions-club-service-and-leadership-scholarship/,listing,Claresholm Lions Club Service and Leadership Scholarship,https://www.scholarab.ca/scholarships/claresholm-lions-club-service-and-leadership-scholarship/,61527,46768,12364,9825
/scholarships/claresholm-lions-club-trades-polytechnic-and-college-scholarship/,listing,"Claresholm Lions Club Trades, Polytechnic and College Scholarship",https://www.scholarab.ca/scholarships/claresholm-lions-club-trades-polytechnic-and-college-scholarship/,61532,46773,12303,9741
/scholarships/claresholm-rural-nursing-cohort-bursary/,listing,Claresholm Rural Nursing Cohort Bursary,https://www.scholarab.ca/scholarships/claresholm-rural-nursing-cohort-bursary/,59181,44422,11785,9257
/scholarships/clay-riddell-community-hero-scholarship/,listing,Clay Riddell Community Hero Scholarship,https://www.scholarab.ca/scholarships/clay-riddell-community-hero-scholarship/,59767,45008,11984,9468
/scholarships/clayton-bellamy-scholarship-fund-for-music-and-the-arts/,listing,Clayton Bellamy Scholarship Fund for Music and the Arts,https://www.scholarab.ca/scholarships/clayton-bellamy-scholarship-fund-for-music-and-the-arts/,61553,46794,12354,9825
/scholarships/clearview-school-division-return-to-service-bursary/,listing,Clearview School Division Return to Service Bursary,https://www.scholarab.ca/scholarships/clearview-school-division-return-to-service-bursary/,61552,46793,12393,9867
/scholarships/clearwater-county-post-secondary-scholarship/,listing,Clearwater County Post-Secondary Scholarship,https://www.scholarab.ca/scholarships/clearwater-county-post-secondary-scholarship/,57756,42997,11584,9064
/scholarships/clearwater-endowment-fund-and-sls-recreation-park-society-scholarship/,listing,Clearwater Endowment Fund and SLS Recreation Park Society Scholarship,https://www.scholarab.ca/scholarships/clearwater-endowment-fund-and-sls-recreation-park-society-scholarship/,59521,44762,12119,9567
/scholarships/clearwater-horse-club-equine-scholarship/,listing,Clearwater Horse Club Equine Scholarship,https://www.scholarab.ca/scholarships/clearwater-horse-club-equine-scholarship/,62667,47908,12705,10448
/scholarships/cnib-post-secondary-scholarships/,listing,CNIB Post-Secondary Scholarships,https://www.scholarab.ca/scholarships/cnib-post-secondary-scholarships/,58920,44161,11817,9282
/scholarships/cnooc-international-environmental-technology-award/,listing,CNOOC International Environmental Technology Award,https://www.scholarab.ca/scholarships/cnooc-international-environmental-technology-award/,61813,47054,12399,9870
/scholarships/cnooc-international-indigenous-award/,listing,CNOOC International Indigenous Award,https://www.scholarab.ca/scholarships/cnooc-international-indigenous-award/,59442,44683,12015,9502
/scholarships/coach-rowein-alumni-basketball-award/,listing,Coach Rowein Alumni Basketball Award,https://www.scholarab.ca/scholarships/coach-rowein-alumni-basketball-award/,57876,43117,11710,9187
/scholarships/coaldale-christian-school-graduation-scholarships/,listing,Coaldale Christian School Graduation Scholarships,https://www.scholarab.ca/scholarships/coaldale-christian-school-graduation-scholarships/,59107,44348,11669,9169
/scholarships/coalhurst-high-school-memorial-scholarships/,listing,Coalhurst High School Memorial Scholarships,https://www.scholarab.ca/scholarships/coalhurst-high-school-memorial-scholarships/,59436,44677,11771,9272
/scholarships/cochrane/,directory,Cochrane scholarships,https://www.scholarab.ca/scholarships/cochrane/,132890,108186,21446,18204
/scholarships/cochrane-activettes-bursary/,listing,Cochrane Activettes Bursary,https://www.scholarab.ca/scholarships/cochrane-activettes-bursary/,59342,44583,11783,9289
/scholarships/cochrane-and-area-humane-society-scholarship/,listing,Cochrane and Area Humane Society Scholarship,https://www.scholarab.ca/scholarships/cochrane-and-area-humane-society-scholarship/,58895,44136,11763,9231
/scholarships/cochrane-high-school-class-act-award/,listing,Cochrane High School Class Act Award,https://www.scholarab.ca/scholarships/cochrane-high-school-class-act-award/,57648,42889,11623,9114
/scholarships/cochrane-home-treasures-award/,listing,Cochrane Home Treasures Award,https://www.scholarab.ca/scholarships/cochrane-home-treasures-award/,59429,44670,11805,9306
/scholarships/cochrane-immigrant-services-scholarship/,listing,Cochrane Immigrant Services Scholarship,https://www.scholarab.ca/scholarships/cochrane-immigrant-services-scholarship/,61199,46440,12320,9816
/scholarships/cochrane-lions-club-scholarship/,listing,Cochrane Lions Club Scholarship,https://www.scholarab.ca/scholarships/cochrane-lions-club-scholarship/,59528,44769,11833,9330
/scholarships/cody-neufeld-memorial-legacy-award/,listing,Cody Neufeld Memorial Legacy Award,https://www.scholarab.ca/scholarships/cody-neufeld-memorial-legacy-award/,58646,43887,11690,9165
/scholarships/cold-lake/,directory,Cold Lake scholarships,https://www.scholarab.ca/scholarships/cold-lake/,121121,98180,21128,18054
/scholarships/cold-lake-medical-development-fund-society-healthcare-education-grant/,listing,Cold Lake Medical Development Fund Society Healthcare Education Grant,https://www.scholarab.ca/scholarships/cold-lake-medical-development-fund-society-healthcare-education-grant/,62525,47766,12591,10030
/scholarships/cole-warawa-memorial-scholarship/,listing,Cole Warawa Memorial Scholarship,https://www.scholarab.ca/scholarships/cole-warawa-memorial-scholarship/,61988,47229,12525,10010
/scholarships/colin-mckenna-memorial-scholarship/,listing,Colin McKenna Memorial Scholarship,https://www.scholarab.ca/scholarships/colin-mckenna-memorial-scholarship/,59548,44810,11944,9395
/scholarships/collinge-ingoldsby-engineering-scholarship/,listing,Collinge-Ingoldsby Engineering Scholarship,https://www.scholarab.ca/scholarships/collinge-ingoldsby-engineering-scholarship/,62604,47845,12654,10141
/scholarships/communication-contest-for-the-deaf-and-hard-of-hearing/,listing,Communication Contest for the Deaf and Hard of Hearing,https://www.scholarab.ca/scholarships/communication-contest-for-the-deaf-and-hard-of-hearing/,60459,45700,12112,9568
/scholarships/community/,directory,Community service awards,https://www.scholarab.ca/scholarships/community/,1110019,994158,133853,120115
/scholarships/community-foundation-emergency-services-scholarship/,listing,Community Foundation Emergency Services Scholarship,https://www.scholarab.ca/scholarships/community-foundation-emergency-services-scholarship/,61688,46929,12390,9880
/scholarships/community-scholarship-trust-society-scholarship/,listing,Community Scholarship Trust Society Scholarship,https://www.scholarab.ca/scholarships/community-scholarship-trust-society-scholarship/,59022,44263,11656,9138
/scholarships/conner-lukan-tighten-your-skates-award/,listing,Conner Lukan Tighten Your Skates Award,https://www.scholarab.ca/scholarships/conner-lukan-tighten-your-skates-award/,62757,47998,12759,10478
/scholarships/consort-agro-services-green-certificate-awards/,listing,Consort Agro Services Green Certificate Awards,https://www.scholarab.ca/scholarships/consort-agro-services-green-certificate-awards/,59300,44541,12059,9548
/scholarships/consort-and-district-chamber-of-commerce-scholarship/,listing,Consort and District Chamber of Commerce Scholarship,https://www.scholarab.ca/scholarships/consort-and-district-chamber-of-commerce-scholarship/,59485,44726,12150,9630
/scholarships/consort-lions-club-scholarship/,listing,Consort Lions Club Scholarship,https://www.scholarab.ca/scholarships/consort-lions-club-scholarship/,58696,43937,11624,9125
/scholarships/consort-school-awards-and-scholarships/,listing,Consort School Awards and Scholarships,https://www.scholarab.ca/scholarships/consort-school-awards-and-scholarships/,59608,44849,11890,9384
/scholarships/constable-david-wynn-memorial-award/,listing,Constable David Wynn Memorial Award,https://www.scholarab.ca/scholarships/constable-david-wynn-memorial-award/,62996,48237,12885,10666
/scholarships/constance-gowers-memorial-bursary/,listing,Constance Gowers Memorial Bursary,https://www.scholarab.ca/scholarships/constance-gowers-memorial-bursary/,59014,44255,11803,9272
/scholarships/constituency-of-lac-ste-anne-parkland-award-for-leadership-in-business/,listing,Constituency of Lac Ste. Anne-Parkland Award for Leadership in Business,https://www.scholarab.ca/scholarships/constituency-of-lac-ste-anne-parkland-award-for-leadership-in-business/,57643,42884,11645,9076
/scholarships/constituency-of-spruce-grove-stony-plain-award-for-leadership-in-building-a-better-community/,listing,Constituency of Spruce Grove-Stony Plain Award for Leadership in Building a Better Community,https://www.scholarab.ca/scholarships/constituency-of-spruce-grove-stony-plain-award-for-leadership-in-building-a-better-community/,60052,45293,11950,9380
/scholarships/copa-neil-j-armstrong-ab-initio-scholarship/,listing,COPA Neil J. Armstrong Ab-Initio Scholarship,https://www.scholarab.ca/scholarships/copa-neil-j-armstrong-ab-initio-scholarship/,59635,44876,12097,9558
/scholarships/cornerstone-co-op-spirit-of-youth-scholarships/,listing,Cornerstone Co-op Spirit of Youth Scholarships,https://www.scholarab.ca/scholarships/cornerstone-co-op-spirit-of-youth-scholarships/,61573,46814,12431,9896
/scholarships/coronation-and-consort-victim-services-scholarship/,listing,Coronation and Consort Victim Services Scholarship,https://www.scholarab.ca/scholarships/coronation-and-consort-victim-services-scholarship/,59303,44544,12009,9503
/scholarships/cotter-macgillivray-memorial-scholarship/,listing,Cotter MacGillivray Memorial Scholarship,https://www.scholarab.ca/scholarships/cotter-macgillivray-memorial-scholarship/,61723,46964,12415,9888
/scholarships/county-of-northern-lights-student-bursary/,listing,County of Northern Lights Student Bursary,https://www.scholarab.ca/scholarships/county-of-northern-lights-student-bursary/,59273,44514,11901,9347
/scholarships/county-of-stettler-agricultural-service-board-bursary/,listing,County of Stettler Agricultural Service Board Bursary,https://www.scholarab.ca/scholarships/county-of-stettler-agricultural-service-board-bursary/,59237,44478,11912,9357
/scholarships/county-of-wetaskiwin-agricultural-bursary/,listing,County of Wetaskiwin Agricultural Bursary,https://www.scholarab.ca/scholarships/county-of-wetaskiwin-agricultural-bursary/,57407,42648,11652,9141
/scholarships/cpa-alberta-young-emerging-professional-award/,listing,CPA Alberta Young Emerging Professional Award,https://www.scholarab.ca/scholarships/cpa-alberta-young-emerging-professional-award/,59093,44334,11829,9302
/scholarships/cpl-jordan-anderson-memorial-award/,listing,Cpl. Jordan Anderson Memorial Award,https://www.scholarab.ca/scholarships/cpl-jordan-anderson-memorial-award/,62049,47290,12465,9934
/scholarships/craig-lester-agricultural-travel-bursary/,listing,Craig Lester Agricultural & Travel Bursary,https://www.scholarab.ca/scholarships/craig-lester-agricultural-travel-bursary/,59807,45048,12010,9493
/scholarships/creative-music-award/,listing,Creative Music Award,https://www.scholarab.ca/scholarships/creative-music-award/,59614,44855,11987,9489
/scholarships/cremona-school-local-scholarships/,listing,Cremona School Local Scholarships,https://www.scholarab.ca/scholarships/cremona-school-local-scholarships/,56758,41999,11431,8928
/scholarships/crossfield-agricultural-society-student-bursary/,listing,Crossfield Agricultural Society Student Bursary,https://www.scholarab.ca/scholarships/crossfield-agricultural-society-student-bursary/,59406,44647,11930,9386
/scholarships/crown-mentorship-foundation-alliance-program-bursary/,listing,Crown Mentorship Foundation Alliance Program Bursary,https://www.scholarab.ca/scholarships/crown-mentorship-foundation-alliance-program-bursary/,59577,44818,12026,9489
/scholarships/crowsnest-consolidated-high-school-scholarships-and-bursaries/,listing,Crowsnest Consolidated High School Scholarships and Bursaries,https://www.scholarab.ca/scholarships/crowsnest-consolidated-high-school-scholarships-and-bursaries/,57633,42874,11583,9053
/scholarships/crusader-service-award/,listing,Crusader Service Award,https://www.scholarab.ca/scholarships/crusader-service-award/,57087,42328,11397,8869
/scholarships/cst-jose-agostinho-memorial-scholarship/,listing,Cst. Jose Agostinho Memorial Scholarship,https://www.scholarab.ca/scholarships/cst-jose-agostinho-memorial-scholarship/,57833,43074,11664,9151
/scholarships/cts-and-fine-arts-appreciation-award/,listing,CTS and Fine Arts Appreciation Award,https://www.scholarab.ca/scholarships/cts-and-fine-arts-appreciation-award/,59520,44761,11831,9305
/scholarships/culinary-arts-instructors-award/,listing,Culinary Arts Instructors Award,https://www.scholarab.ca/scholarships/culinary-arts-instructors-award/,57917,43158,11702,9178
/scholarships/cultural-enrichment-award/,listing,Cultural Enrichment Award,https://www.scholarab.ca/scholarships/cultural-enrichment-award/,57314,42555,11508,8992
/scholarships/cumberland-community-club-scholarship/,listing,Cumberland Community Club Scholarship,https://www.scholarab.ca/scholarships/cumberland-community-club-scholarship/,59328,44569,12027,9519
/scholarships/cupe-local-1099-st-albert-public-high-school-scholarship/,listing,CUPE Local 1099 St. Albert Public High School Scholarship,https://www.scholarab.ca/scholarships/cupe-local-1099-st-albert-public-high-school-scholarship/,60463,45704,12290,9776
/scholarships/cupe-local-709-post-secondary-scholarship/,listing,CUPE Local 709 Post-Secondary Scholarship,https://www.scholarab.ca/scholarships/cupe-local-709-post-secondary-scholarship/,58864,44105,11775,9230
/scholarships/curling-canada-youth-scholarships/,listing,Curling Canada Youth Scholarships,https://www.scholarab.ca/scholarships/curling-canada-youth-scholarships/,57242,42483,11650,9112
/scholarships/curtains-up-scholarship/,listing,Curtains Up Scholarship,https://www.scholarab.ca/scholarships/curtains-up-scholarship/,59957,45198,12217,9723
/scholarships/cwo-peter-stauffer-memorial-scholarship/,listing,CWO Peter Stauffer Memorial Scholarship,https://www.scholarab.ca/scholarships/cwo-peter-stauffer-memorial-scholarship/,61711,46952,12651,10118
/scholarships/cypress-county-agricultural-service-board-bursary/,listing,Cypress County Agricultural Service Board Bursary,https://www.scholarab.ca/scholarships/cypress-county-agricultural-service-board-bursary/,62061,47302,12610,10067
/scholarships/cypress-county-scholarship/,listing,Cypress County Scholarship,https://www.scholarab.ca/scholarships/cypress-county-scholarship/,59867,45108,12339,9837
/scholarships/d-m-concrete-scholarship-in-construction-technology/,listing,D & M Concrete Scholarship in Construction Technology,https://www.scholarab.ca/scholarships/d-m-concrete-scholarship-in-construction-technology/,59092,44333,11705,9182
/scholarships/d-m-concrete-scholarship-in-fabrication-studies/,listing,D & M Concrete Scholarship in Fabrication Studies,https://www.scholarab.ca/scholarships/d-m-concrete-scholarship-in-fabrication-studies/,59245,44486,11778,9257
/scholarships/dai-and-irene-jones-memorial-scholarship/,listing,Dai and Irene Jones Memorial Scholarship,https://www.scholarab.ca/scholarships/dai-and-irene-jones-memorial-scholarship/,61364,46605,12333,9779
/scholarships/daily-herald-tribune-bursary/,listing,Daily Herald-Tribune Bursary,https://www.scholarab.ca/scholarships/daily-herald-tribune-bursary/,58875,44116,11737,9213
/scholarships/dale-macmillan-memorial-scholarship-for-community-leadership/,listing,Dale MacMillan Memorial Scholarship for Community Leadership,https://www.scholarab.ca/scholarships/dale-macmillan-memorial-scholarship-for-community-leadership/,59361,44602,11837,9294
/scholarships/dane-nelson-memorial-scholarship/,listing,Dane Nelson Memorial Scholarship,https://www.scholarab.ca/scholarships/dane-nelson-memorial-scholarship/,61372,46613,12373,9866
/scholarships/daniel-jantzie-scholarship-award/,listing,Daniel Jantzie Scholarship Award,https://www.scholarab.ca/scholarships/daniel-jantzie-scholarship-award/,60800,46041,12195,9697
/scholarships/danielle-kendall-memorial-scholarship/,listing,Danielle Kendall Memorial Scholarship,https://www.scholarab.ca/scholarships/danielle-kendall-memorial-scholarship/,58979,44220,11763,9252
/scholarships/darren-schellenberger-life-award/,listing,Darren Schellenberger L.I.F.E. Award,https://www.scholarab.ca/scholarships/darren-schellenberger-life-award/,59856,45097,11961,9438
/scholarships/daughters-of-wisdom-social-justice-award/,listing,Daughters of Wisdom Social Justice Award,https://www.scholarab.ca/scholarships/daughters-of-wisdom-social-justice-award/,57404,42645,11551,8993
/scholarships/dave-jones-scholarship/,listing,Dave Jones Scholarship,https://www.scholarab.ca/scholarships/dave-jones-scholarship/,62266,47507,12611,10110
/scholarships/dave-williams-mentorship-award/,listing,Dave Williams Mentorship Award,https://www.scholarab.ca/scholarships/dave-williams-mentorship-award/,57409,42650,11522,9004
/scholarships/david-bentley-fcpa-fca-and-janet-bentley-high-school-excellence-award/,listing,David Bentley FCPA FCA and Janet Bentley High School Excellence Award,https://www.scholarab.ca/scholarships/david-bentley-fcpa-fca-and-janet-bentley-high-school-excellence-award/,59511,44752,11955,9392
/scholarships/david-c-jahns-memorial-award/,listing,David C. Jahns Memorial Award,https://www.scholarab.ca/scholarships/david-c-jahns-memorial-award/,56710,41951,11476,8931
/scholarships/david-e-mitchell-award/,listing,David E. Mitchell Award,https://www.scholarab.ca/scholarships/david-e-mitchell-award/,60046,45287,12051,9538
/scholarships/david-ellis-scholarship/,listing,David Ellis Scholarship,https://www.scholarab.ca/scholarships/david-ellis-scholarship/,56982,42223,11569,9039
/scholarships/david-james-anderson-memorial-award/,listing,David James Anderson Memorial Award,https://www.scholarab.ca/scholarships/david-james-anderson-memorial-award/,60237,45478,12059,9518
/scholarships/david-jon-thomson-scholarship/,listing,David Jon Thomson Scholarship,https://www.scholarab.ca/scholarships/david-jon-thomson-scholarship/,58262,43503,11764,9243
/scholarships/david-m-bayne-legacy-bursary/,listing,David M. Bayne Legacy Bursary,https://www.scholarab.ca/scholarships/david-m-bayne-legacy-bursary/,61522,46763,12493,9970
/scholarships/daysland-school-awards-and-scholarships/,listing,Daysland School Awards and Scholarships,https://www.scholarab.ca/scholarships/daysland-school-awards-and-scholarships/,57347,42588,11581,9091
/scholarships/dcci-scholarship-for-canadian-students-with-disabilities/,listing,DCCI Scholarship for Canadian Students with Disabilities,https://www.scholarab.ca/scholarships/dcci-scholarship-for-canadian-students-with-disabilities/,59168,44409,11762,9187
/scholarships/decker-award/,listing,Decker Award,https://www.scholarab.ca/scholarships/decker-award/,57554,42795,11664,9165
/scholarships/delburne-centralized-school-awards/,listing,Delburne Centralized School Awards,https://www.scholarab.ca/scholarships/delburne-centralized-school-awards/,58960,44201,11678,9180
/scholarships/delia-school-awards-and-scholarships/,listing,Delia School Awards and Scholarships,https://www.scholarab.ca/scholarships/delia-school-awards-and-scholarships/,57756,42997,11715,9222
/scholarships/delmar-college-scholarship/,listing,Delmar College Scholarship,https://www.scholarab.ca/scholarships/delmar-college-scholarship/,61862,47103,12435,9953
/scholarships/delta-kappa-gamma-eta-chapter-education-grant/,listing,Delta Kappa Gamma Eta Chapter Education Grant,https://www.scholarab.ca/scholarships/delta-kappa-gamma-eta-chapter-education-grant/,59202,44443,11795,9246
/scholarships/dewinton-and-district-historical-society-scholarship/,listing,DeWinton and District Historical Society Scholarship,https://www.scholarab.ca/scholarships/dewinton-and-district-historical-society-scholarship/,59875,45116,11931,9406
/scholarships/dhh-program-potential-award/,listing,DHH Program Potential Award,https://www.scholarab.ca/scholarships/dhh-program-potential-award/,59974,45215,12017,9489
/scholarships/diabetes-hope-foundation-scholarship/,listing,Diabetes Hope Foundation Scholarship,https://www.scholarab.ca/scholarships/diabetes-hope-foundation-scholarship/,59501,44742,11936,9420
/scholarships/dick-martin-scholarship-award/,listing,Dick Martin Scholarship Award,https://www.scholarab.ca/scholarships/dick-martin-scholarship-award/,56812,42053,11508,8950
/scholarships/dick-turner-memorial-award/,listing,Dick Turner Memorial Award,https://www.scholarab.ca/scholarships/dick-turner-memorial-award/,58972,44213,11861,9344
/scholarships/didsbury-high-school-scholarship-fund-society-scholarships/,listing,Didsbury High School Scholarship Fund Society Scholarships,https://www.scholarab.ca/scholarships/didsbury-high-school-scholarship-fund-society-scholarships/,59535,44776,11846,9356
/scholarships/dlrm-land-and-water-scholarship/,listing,DLRM Land and Water Scholarship,https://www.scholarab.ca/scholarships/dlrm-land-and-water-scholarship/,61536,46777,12466,9928
/scholarships/don-and-norine-lowry-awards-for-women-of-excellence/,listing,Don and Norine Lowry Awards for Women of Excellence,https://www.scholarab.ca/scholarships/don-and-norine-lowry-awards-for-women-of-excellence/,57471,42712,11650,9057
/scholarships/don-bailey-memorial-jazz-award/,listing,Don Bailey Memorial Jazz Award,https://www.scholarab.ca/scholarships/don-bailey-memorial-jazz-award/,59346,44587,11834,9306
/scholarships/don-bossi-leadership-and-innovation-canadian-scholarship/,listing,Don Bossi Leadership and Innovation Canadian Scholarship,https://www.scholarab.ca/scholarships/don-bossi-leadership-and-innovation-canadian-scholarship/,59143,44384,11749,9187
/scholarships/don-moore-scholarship/,listing,Don Moore Scholarship,https://www.scholarab.ca/scholarships/don-moore-scholarship/,61229,46470,12405,9913
/scholarships/donna-powell-international-baccalaureate-learner-profile-award/,listing,Donna Powell International Baccalaureate Learner Profile Award,https://www.scholarab.ca/scholarships/donna-powell-international-baccalaureate-learner-profile-award/,58159,43400,11692,9138
/scholarships/dorothy-and-mervyn-way-memorial-scholarship/,listing,Dorothy and Mervyn Way Memorial Scholarship,https://www.scholarab.ca/scholarships/dorothy-and-mervyn-way-memorial-scholarship/,57656,42897,11639,9101
/scholarships/double-a-solutions-blitz-scholarship/,listing,Double A Solutions Blitz Scholarship,https://www.scholarab.ca/scholarships/double-a-solutions-blitz-scholarship/,56825,42066,11435,8885
/scholarships/dr-b-bose-nursing-scholarship/,listing,Dr. B. Bose Nursing Scholarship,https://www.scholarab.ca/scholarships/dr-b-bose-nursing-scholarship/,61306,46547,12370,9888
/scholarships/dr-claudia-t-strehlke-medical-award-fund/,listing,Dr. Claudia T. Strehlke Medical Award Fund,https://www.scholarab.ca/scholarships/dr-claudia-t-strehlke-medical-award-fund/,57287,42528,11631,9088
/scholarships/dr-dalton-and-mrs-kay-deedrick-performing-arts-scholarship/,listing,Dr. Dalton and Mrs. Kay Deedrick Performing Arts Scholarship,https://www.scholarab.ca/scholarships/dr-dalton-and-mrs-kay-deedrick-performing-arts-scholarship/,62383,47624,12381,9837
/scholarships/dr-dekterov-health-care-professionals-award/,listing,Dr. Dekterov Health Care Professionals Award,https://www.scholarab.ca/scholarships/dr-dekterov-health-care-professionals-award/,57855,43096,11681,9146
/scholarships/dr-ernest-and-minnie-mehl-scholarship/,listing,Dr. Ernest and Minnie Mehl Scholarship,https://www.scholarab.ca/scholarships/dr-ernest-and-minnie-mehl-scholarship/,58513,43754,11542,8999
/scholarships/dr-gary-mcpherson-leadership-scholarship/,listing,Dr. Gary McPherson Leadership Scholarship,https://www.scholarab.ca/scholarships/dr-gary-mcpherson-leadership-scholarship/,59655,44896,11885,9368
/scholarships/dr-george-and-mrs-elaine-nye-augustana-bursary/,listing,Dr. George and Mrs. Elaine Nye Augustana Bursary,https://www.scholarab.ca/scholarships/dr-george-and-mrs-elaine-nye-augustana-bursary/,57935,43176,11638,9084
/scholarships/dr-josephine-m-brown-memorial-scholarship/,listing,Dr. Josephine M. Brown Memorial Scholarship,https://www.scholarab.ca/scholarships/dr-josephine-m-brown-memorial-scholarship/,61318,46559,12372,9862
/scholarships/dr-m-e-koziol-memorial-fund/,listing,Dr. M. E. Koziol Memorial Fund,https://www.scholarab.ca/scholarships/dr-m-e-koziol-memorial-fund/,61140,46381,12356,9860
/scholarships/dr-macewan-literary-arts-scholarship/,listing,Dr. MacEwan Literary Arts Scholarship,https://www.scholarab.ca/scholarships/dr-macewan-literary-arts-scholarship/,59209,44450,11800,9259
/scholarships/dr-malcolm-gray-memorial-scholarship/,listing,Dr. Malcolm Gray Memorial Scholarship,https://www.scholarab.ca/scholarships/dr-malcolm-gray-memorial-scholarship/,62071,47312,12455,9907
/scholarships/dr-martha-kostuch-scholarship/,listing,Dr. Martha Kostuch Scholarship,https://www.scholarab.ca/scholarships/dr-martha-kostuch-scholarship/,56886,42127,11452,8927
/scholarships/dr-phil-and-vi-sunohara-nursing-bursary/,listing,Dr. Phil and Vi Sunohara Nursing Bursary,https://www.scholarab.ca/scholarships/dr-phil-and-vi-sunohara-nursing-bursary/,59789,45030,12257,9741
/scholarships/dr-rb-demerchant-animal-health-bursary/,listing,Dr. R.B. Demerchant Animal Health Bursary,https://www.scholarab.ca/scholarships/dr-rb-demerchant-animal-health-bursary/,61541,46782,12412,9894
/scholarships/dr-robert-and-anna-shaw-scholarship/,listing,Dr. Robert and Anna Shaw Scholarship,https://www.scholarab.ca/scholarships/dr-robert-and-anna-shaw-scholarship/,59358,44599,12165,9635
/scholarships/dr-robert-haslam-bursary/,listing,Dr. Robert Haslam Bursary,https://www.scholarab.ca/scholarships/dr-robert-haslam-bursary/,57685,42926,11626,9103
/scholarships/dr-santokh-singh-first-generation-canadian-scholarship/,listing,Dr. Santokh Singh First Generation Canadian Scholarship,https://www.scholarab.ca/scholarships/dr-santokh-singh-first-generation-canadian-scholarship/,60342,45583,12078,9549
/scholarships/dr-vincella-thompson-memorial-scholarship/,listing,Dr. Vincella Thompson Memorial Scholarship,https://www.scholarab.ca/scholarships/dr-vincella-thompson-memorial-scholarship/,59585,44826,12104,9570
/scholarships/dr-w-a-proudfoot-memorial-scholarship/,listing,Dr. W. A. Proudfoot Memorial Scholarship,https://www.scholarab.ca/scholarships/dr-w-a-proudfoot-memorial-scholarship/,61114,46355,12349,9838
/scholarships/dr-walter-shydlowski-health-care-scholarship/,listing,Dr. Walter Shydlowski Health Care Scholarship,https://www.scholarab.ca/scholarships/dr-walter-shydlowski-health-care-scholarship/,61639,46880,12513,9975
/scholarships/drs-alan-and-suna-smith-memorial-scholarship-in-science/,listing,Drs. Alan and Suna Smith Memorial Scholarship in Science,https://www.scholarab.ca/scholarships/drs-alan-and-suna-smith-memorial-scholarship-in-science/,57874,43115,11632,9087
/scholarships/drs-harry-martha-cohen-promising-student-prize/,listing,Drs. Harry & Martha Cohen Promising Student Prize,https://www.scholarab.ca/scholarships/drs-harry-martha-cohen-promising-student-prize/,58519,43760,11894,9347
/scholarships/duclos-hospital-society-scholarship/,listing,Duclos Hospital Society Scholarship,https://www.scholarab.ca/scholarships/duclos-hospital-society-scholarship/,59334,44575,12134,9616
/scholarships/dunstan-scholarship/,listing,Dunstan Scholarship,https://www.scholarab.ca/scholarships/dunstan-scholarship/,61728,46969,12391,9886
/scholarships/durkie-arts-award/,listing,Durkie Arts Award,https://www.scholarab.ca/scholarships/durkie-arts-award/,60411,45652,12328,9816
/scholarships/dustin-peers-memorial-visual-arts-award/,listing,Dustin Peers Memorial Visual Arts Award,https://www.scholarab.ca/scholarships/dustin-peers-memorial-visual-arts-award/,59296,44537,11878,9352
/scholarships/e-george-brigden-memorial-science-scholarship/,listing,E. George Brigden Memorial Science Scholarship,https://www.scholarab.ca/scholarships/e-george-brigden-memorial-science-scholarship/,58110,43351,11784,9230
/scholarships/early-childhood-scholarship/,listing,Early Childhood Scholarship,https://www.scholarab.ca/scholarships/early-childhood-scholarship/,60755,45996,12289,9784
/scholarships/eastglen-parent-association-awards/,listing,Eastglen Parent Association Awards,https://www.scholarab.ca/scholarships/eastglen-parent-association-awards/,56782,42023,11463,8934
/scholarships/eckville-juniorsenior-high-school-awards-and-scholarships/,listing,Eckville Junior/Senior High School Awards and Scholarships,https://www.scholarab.ca/scholarships/eckville-juniorsenior-high-school-awards-and-scholarships/,59629,44870,11962,9418
/scholarships/eckville-legion-branch-156-bursary/,listing,Eckville Legion Branch 156 Bursary,https://www.scholarab.ca/scholarships/eckville-legion-branch-156-bursary/,61540,46781,12454,9937
/scholarships/ed-stelmach-community-foundation-scholarship/,listing,Ed Stelmach Community Foundation Scholarship,https://www.scholarab.ca/scholarships/ed-stelmach-community-foundation-scholarship/,61438,46679,12450,9919
/scholarships/edith-berger-memorial-scholarship/,listing,Edith Berger Memorial Scholarship,https://www.scholarab.ca/scholarships/edith-berger-memorial-scholarship/,59574,44815,11967,9450
/scholarships/editingservices-scholarship/,listing,editing.services Scholarship,https://www.scholarab.ca/scholarships/editingservices-scholarship/,61094,46335,12378,9853
/scholarships/edmonton/,directory,Edmonton scholarships,https://www.scholarab.ca/scholarships/edmonton/,243597,209147,35724,31357
/scholarships/edmonton-catholic-teachers-local-54-scholarships/,listing,Edmonton Catholic Teachers Local 54 Scholarships,https://www.scholarab.ca/scholarships/edmonton-catholic-teachers-local-54-scholarships/,59749,44990,12249,9727
/scholarships/edmonton-chinese-bilingual-education-association-awards/,listing,Edmonton Chinese Bilingual Education Association Awards,https://www.scholarab.ca/scholarships/edmonton-chinese-bilingual-education-association-awards/,57403,42644,11519,8965
/scholarships/edmonton-epilepsy-continuing-education-scholarship/,listing,Edmonton Epilepsy Continuing Education Scholarship,https://www.scholarab.ca/scholarships/edmonton-epilepsy-continuing-education-scholarship/,57242,42483,11441,8894
/scholarships/edmonton-gymkhana-association-scholarship/,listing,Edmonton Gymkhana Association Scholarship,https://www.scholarab.ca/scholarships/edmonton-gymkhana-association-scholarship/,61668,46909,12424,9902
/scholarships/edmonton-music-and-speech-arts-festival-scholarships/,listing,Edmonton Music and Speech Arts Festival Scholarships,https://www.scholarab.ca/scholarships/edmonton-music-and-speech-arts-festival-scholarships/,57852,43093,11748,9213
/scholarships/edmonton-refugee-and-emerging-communities-awards/,listing,Edmonton Refugee and Emerging Communities Awards,https://www.scholarab.ca/scholarships/edmonton-refugee-and-emerging-communities-awards/,57751,42992,11687,9144
/scholarships/edmonton-strathcona-youth-leadership-award/,listing,Edmonton Strathcona Youth Leadership Award,https://www.scholarab.ca/scholarships/edmonton-strathcona-youth-leadership-award/,57628,42937,11592,9061
/scholarships/education-foundation-servant-leader-scholarship/,listing,Education Foundation Servant Leader Scholarship,https://www.scholarab.ca/scholarships/education-foundation-servant-leader-scholarship/,60588,45829,12462,9966
/scholarships/educationmatters-career-pathways-student-award/,listing,EducationMatters Career Pathways Student Award,https://www.scholarab.ca/scholarships/educationmatters-career-pathways-student-award/,59738,44979,11982,9448
/scholarships/educationmatters-future-leaders-award/,listing,EducationMatters Future Leaders Award,https://www.scholarab.ca/scholarships/educationmatters-future-leaders-award/,57549,42790,11661,9138
/scholarships/edward-a-reynolds-scholarship/,listing,Edward A. Reynolds Scholarship,https://www.scholarab.ca/scholarships/edward-a-reynolds-scholarship/,57859,43100,11711,9205
/scholarships/edward-a-ted-schaffer-scholarship/,listing,Edward A. Ted Schaffer Scholarship,https://www.scholarab.ca/scholarships/edward-a-ted-schaffer-scholarship/,61606,46847,12471,9968
/scholarships/eimer-scholarship-fund-award-for-health-care/,listing,Eimer Scholarship Fund Award for Health Care,https://www.scholarab.ca/scholarships/eimer-scholarship-fund-award-for-health-care/,57508,42749,11708,9143
/scholarships/electronic-recycling-association-scholarship/,listing,Electronic Recycling Association Scholarship,https://www.scholarab.ca/scholarships/electronic-recycling-association-scholarship/,56352,41593,11237,8684
/scholarships/elizabeth-spychka-citizenship-scholarship/,listing,Elizabeth Spychka Citizenship Scholarship,https://www.scholarab.ca/scholarships/elizabeth-spychka-citizenship-scholarship/,58093,43334,11714,9198
/scholarships/elk-island-ata-local-28-award/,listing,Elk Island ATA Local #28 Award,https://www.scholarab.ca/scholarships/elk-island-ata-local-28-award/,60294,45535,12116,9604
/scholarships/ellen-e-thompson-scholarship/,listing,Ellen E. Thompson Scholarship,https://www.scholarab.ca/scholarships/ellen-e-thompson-scholarship/,61392,46633,12472,9971
/scholarships/elliott-and-rosche-memorial-bursary/,listing,Elliott and Rosche Memorial Bursary,https://www.scholarab.ca/scholarships/elliott-and-rosche-memorial-bursary/,59301,44542,12014,9499
/scholarships/ellis-nature-centre-environment-scholarship/,listing,Ellis Nature Centre Environment Scholarship,https://www.scholarab.ca/scholarships/ellis-nature-centre-environment-scholarship/,61910,47151,12412,9874
/scholarships/elmer-and-ona-hansen-memorial-fund/,listing,Elmer and Ona Hansen Memorial Fund,https://www.scholarab.ca/scholarships/elmer-and-ona-hansen-memorial-fund/,56966,42207,11515,8953
/scholarships/elsie-alexander-essay-scholarship/,listing,Elsie Alexander Essay Scholarship,https://www.scholarab.ca/scholarships/elsie-alexander-essay-scholarship/,59550,44791,11937,9407
/scholarships/elsie-alexander-work-and-volunteer-scholarship/,listing,Elsie Alexander Work and Volunteer Scholarship,https://www.scholarab.ca/scholarships/elsie-alexander-work-and-volunteer-scholarship/,59767,45008,11966,9443
/scholarships/elsworth-foy-memorial-bursary/,listing,Elsworth Foy Memorial Bursary,https://www.scholarab.ca/scholarships/elsworth-foy-memorial-bursary/,58937,44178,11760,9244
/scholarships/elwyn-probert-mathematics-scholarship/,listing,Elwyn Probert Mathematics Scholarship,https://www.scholarab.ca/scholarships/elwyn-probert-mathematics-scholarship/,59996,45237,12052,9513
/scholarships/emma-armstrong-memorial-scholarship/,listing,Emma Armstrong Memorial Scholarship,https://www.scholarab.ca/scholarships/emma-armstrong-memorial-scholarship/,61527,46768,12504,9999
/scholarships/emmalee-cherweniuk-award/,listing,Emmalee Cherweniuk Award,https://www.scholarab.ca/scholarships/emmalee-cherweniuk-award/,60076,45317,12124,9589
/scholarships/emmy-duff-scholarship/,listing,Emmy Duff Scholarship,https://www.scholarab.ca/scholarships/emmy-duff-scholarship/,57004,42245,11630,9113
/scholarships/empowered-young-woman-award/,listing,Empowered Young Woman Award,https://www.scholarab.ca/scholarships/empowered-young-woman-award/,58884,44125,11883,9367
/scholarships/energyratesca-scholarship/,listing,EnergyRates.ca Scholarship,https://www.scholarab.ca/scholarships/energyratesca-scholarship/,58736,43977,11960,9435
/scholarships/english-elm-cross-country-running-award/,listing,English Elm Cross Country Running Award,https://www.scholarab.ca/scholarships/english-elm-cross-country-running-award/,59894,45135,11928,9386
/scholarships/enmax-scholarship/,listing,ENMAX Scholarship,https://www.scholarab.ca/scholarships/enmax-scholarship/,60532,45773,12209,9718
/scholarships/entwistle-scholarship-at-guelph/,listing,Entwistle Scholarship at Guelph,https://www.scholarab.ca/scholarships/entwistle-scholarship-at-guelph/,60961,46202,12301,9797
/scholarships/equs-business-rural-community-scholarship/,listing,EQUS Business Rural Community Scholarship,https://www.scholarab.ca/scholarships/equs-business-rural-community-scholarship/,59530,44771,12099,9583
/scholarships/eric-and-agnes-dixon-scholarship/,listing,Eric and Agnes Dixon Scholarship,https://www.scholarab.ca/scholarships/eric-and-agnes-dixon-scholarship/,61571,46812,12296,9771
/scholarships/eric-and-nancy-bansgrove-bursary/,listing,Eric and Nancy Bansgrove Bursary,https://www.scholarab.ca/scholarships/eric-and-nancy-bansgrove-bursary/,59371,44612,11893,9332
/scholarships/erik-and-gunvor-mygind-scholarship/,listing,Erik and Gunvor Mygind Scholarship,https://www.scholarab.ca/scholarships/erik-and-gunvor-mygind-scholarship/,59576,44817,11900,9386
/scholarships/erin-james-scholarship/,listing,Erin James Scholarship,https://www.scholarab.ca/scholarships/erin-james-scholarship/,59506,44747,11905,9404
/scholarships/errol-moen-memorial-award/,listing,Errol Moen Memorial Award,https://www.scholarab.ca/scholarships/errol-moen-memorial-award/,59399,44640,11828,9321
/scholarships/esther-and-peter-cunliffe-scholarship/,listing,Esther and Peter Cunliffe Scholarship,https://www.scholarab.ca/scholarships/esther-and-peter-cunliffe-scholarship/,59095,44336,11794,9260
/scholarships/ethel-olafson-bachelor-of-education-scholarship/,listing,Ethel Olafson Bachelor of Education Scholarship,https://www.scholarab.ca/scholarships/ethel-olafson-bachelor-of-education-scholarship/,59848,45089,12131,9604
/scholarships/evelyn-henry-reconciliation-scholarship/,listing,Evelyn Henry Reconciliation Scholarship,https://www.scholarab.ca/scholarships/evelyn-henry-reconciliation-scholarship/,59613,44854,12123,9635
/scholarships/everett-and-mitchell-code-scholarship/,listing,Everett and Mitchell Code Scholarship,https://www.scholarab.ca/scholarships/everett-and-mitchell-code-scholarship/,60576,45817,12162,9628
/scholarships/everett-oberg-masonic-memorial-award/,listing,Everett Oberg Masonic Memorial Award,https://www.scholarab.ca/scholarships/everett-oberg-masonic-memorial-award/,58614,43855,11597,9062
/scholarships/evy-newton-mcbryan-memorial-award/,listing,Evy Newton McBryan Memorial Award,https://www.scholarab.ca/scholarships/evy-newton-mcbryan-memorial-award/,59098,44339,11858,9328
/scholarships/fairview-health-complex-foundation-scholarship/,listing,Fairview Health Complex Foundation Scholarship,https://www.scholarab.ca/scholarships/fairview-health-complex-foundation-scholarship/,61499,46740,12334,9821
/scholarships/fairview-health-professional-enhancement-committee-scholarship/,listing,Fairview Health Professional Enhancement Committee Scholarship,https://www.scholarab.ca/scholarships/fairview-health-professional-enhancement-committee-scholarship/,59627,44868,12143,9635
/scholarships/famous-5-legacy-student-award/,listing,Famous 5 Legacy Student Award,https://www.scholarab.ca/scholarships/famous-5-legacy-student-award/,61656,46897,12477,9958
/scholarships/federation-of-alberta-gas-co-ops-achievement-award/,listing,Federation of Alberta Gas Co-ops Achievement Award,https://www.scholarab.ca/scholarships/federation-of-alberta-gas-co-ops-achievement-award/,62210,47451,12666,10101
/scholarships/fessenden-trott-scholarship/,listing,Fessenden-Trott Scholarship,https://www.scholarab.ca/scholarships/fessenden-trott-scholarship/,58686,43927,11677,9166
/scholarships/feth-family-award/,listing,Feth Family Award,https://www.scholarab.ca/scholarships/feth-family-award/,57198,42439,11541,9016
/scholarships/filipino-canadian-national-scholarship-program/,listing,Filipino-Canadian National Scholarship Program,https://www.scholarab.ca/scholarships/filipino-canadian-national-scholarship-program/,59597,44838,11870,9353
/scholarships/finning-canada-environmental-studies-award/,listing,Finning Canada Environmental Studies Award,https://www.scholarab.ca/scholarships/finning-canada-environmental-studies-award/,59534,44775,12022,9515
/scholarships/firebag-river-award/,listing,Firebag River Award,https://www.scholarab.ca/scholarships/firebag-river-award/,61353,46594,12362,9877
/scholarships/first-canada-indigenous-scholarship-award/,listing,FIRST Canada Indigenous Scholarship Award,https://www.scholarab.ca/scholarships/first-canada-indigenous-scholarship-award/,58895,44136,11657,9130
/scholarships/first-canada-skilled-trade-scholarship/,listing,FIRST Canada Skilled Trade Scholarship,https://www.scholarab.ca/scholarships/first-canada-skilled-trade-scholarship/,59616,44857,11905,9383
/scholarships/first-nations-metis-and-inuit-bursary/,listing,"First Nations, Métis and Inuit Bursary",https://www.scholarab.ca/scholarships/first-nations-metis-and-inuit-bursary/,61615,46856,12451,9899
/scholarships/florence-a-wilford-scholarship/,listing,Florence A. Wilford Scholarship,https://www.scholarab.ca/scholarships/florence-a-wilford-scholarship/,59236,44477,12063,9564
/scholarships/fluor-canada-construction-scholarship/,listing,Fluor Canada Construction Scholarship,https://www.scholarab.ca/scholarships/fluor-canada-construction-scholarship/,60388,45629,12129,9600
/scholarships/fluor-stem-awards/,listing,Fluor STEM Awards,https://www.scholarab.ca/scholarships/fluor-stem-awards/,60062,45303,12101,9584
/scholarships/fogolar-furlan-di-calgary-italian-award/,listing,Fogolâr Furlan di Calgary Italian Award,https://www.scholarab.ca/scholarships/fogolar-furlan-di-calgary-italian-award/,57282,42523,11600,9060
/scholarships/football-alberta-scholarships/,listing,Football Alberta Scholarships,https://www.scholarab.ca/scholarships/football-alberta-scholarships/,59846,45087,12155,9627
/scholarships/foothills-chartered-accountants-centennial-scholarship/,listing,Foothills Chartered Accountants Centennial Scholarship,https://www.scholarab.ca/scholarships/foothills-chartered-accountants-centennial-scholarship/,59882,45123,11912,9382
/scholarships/foothills-county-agricultural-scholarship/,listing,Foothills County Agricultural Scholarship,https://www.scholarab.ca/scholarships/foothills-county-agricultural-scholarship/,61909,47150,12571,10036
/scholarships/foothills-natural-gas-co-op-achievement-award/,listing,Foothills Natural Gas Co-op Achievement Award,https://www.scholarab.ca/scholarships/foothills-natural-gas-co-op-achievement-award/,59080,44321,11698,9154
/scholarships/footprints-to-your-future-scholarship/,listing,Footprints to your Future Scholarship,https://www.scholarab.ca/scholarships/footprints-to-your-future-scholarship/,57719,42960,11594,9050
/scholarships/for-four-friends-scholarship/,listing,For Four Friends Scholarship,https://www.scholarab.ca/scholarships/for-four-friends-scholarship/,58258,43499,11783,9267
/scholarships/ford-family-scholarship/,listing,Ford Family Scholarship,https://www.scholarab.ca/scholarships/ford-family-scholarship/,58874,44115,11741,9230
/scholarships/fordthearts-youth-scholarship/,listing,#FordTheArts Youth Scholarship,https://www.scholarab.ca/scholarships/fordthearts-youth-scholarship/,59286,44527,11899,9371
/scholarships/fore-the-ladies-classic-female-empowerment-award/,listing,Fore the Ladies Classic Female Empowerment Award,https://www.scholarab.ca/scholarships/fore-the-ladies-classic-female-empowerment-award/,59706,44947,12155,9630
/scholarships/forest-lawn-resiliency-scholarship/,listing,Forest Lawn Resiliency Scholarship,https://www.scholarab.ca/scholarships/forest-lawn-resiliency-scholarship/,60055,45296,12060,9551
/scholarships/forestburg-and-galahad-community-service-award/,listing,Forestburg and Galahad Community Service Award,https://www.scholarab.ca/scholarships/forestburg-and-galahad-community-service-award/,56777,42018,11373,8829
/scholarships/forestburg-fire-department-memorial-award/,listing,Forestburg Fire Department Memorial Award,https://www.scholarab.ca/scholarships/forestburg-fire-department-memorial-award/,58723,43964,11632,9077
/scholarships/forestburg-school-community-awards/,listing,Forestburg School Community Awards,https://www.scholarab.ca/scholarships/forestburg-school-community-awards/,59256,44497,11864,9379
/scholarships/fort-high-health-sciences-scholarship/,listing,Fort High Health Sciences Scholarship,https://www.scholarab.ca/scholarships/fort-high-health-sciences-scholarship/,62326,47567,12559,10045
/scholarships/fort-high-perseverance-and-dedication-award/,listing,Fort High Perseverance and Dedication Award,https://www.scholarab.ca/scholarships/fort-high-perseverance-and-dedication-award/,62515,47756,12548,10038
/scholarships/fort-mckay-alcor-aboriginal-trades-scholarship/,listing,Fort McKay Alcor Aboriginal Trades Scholarship,https://www.scholarab.ca/scholarships/fort-mckay-alcor-aboriginal-trades-scholarship/,56937,42178,11346,8805
/scholarships/fort-mckay-first-nation-graduation-incentive/,listing,Fort McKay First Nation Graduation Incentive,https://www.scholarab.ca/scholarships/fort-mckay-first-nation-graduation-incentive/,58959,44200,11641,9119
/scholarships/fort-mckay-first-nation-post-secondary-student-support-program/,listing,Fort McKay First Nation Post-Secondary Student Support Program,https://www.scholarab.ca/scholarships/fort-mckay-first-nation-post-secondary-student-support-program/,59644,44885,12088,9564
/scholarships/fort-mcmurray/,directory,Fort McMurray scholarships,https://www.scholarab.ca/scholarships/fort-mcmurray/,270177,233578,32225,28012
/scholarships/fort-mcmurray-folk-arts-council-bachelor-of-arts-award/,listing,Fort McMurray Folk Arts Council Bachelor of Arts Award,https://www.scholarab.ca/scholarships/fort-mcmurray-folk-arts-council-bachelor-of-arts-award/,61749,46990,12440,9889
/scholarships/fort-saskatchewan/,directory,Fort Saskatchewan scholarships,https://www.scholarab.ca/scholarships/fort-saskatchewan/,114047,92003,20051,17114
/scholarships/fort-saskatchewan-community-hospital-auxiliary-bursary/,listing,Fort Saskatchewan Community Hospital Auxiliary Bursary,https://www.scholarab.ca/scholarships/fort-saskatchewan-community-hospital-auxiliary-bursary/,60410,45651,12259,9752
/scholarships/fort-saskatchewan-high-school-community-leadership-award/,listing,Fort Saskatchewan High School Community Leadership Award,https://www.scholarab.ca/scholarships/fort-saskatchewan-high-school-community-leadership-award/,62796,48037,12664,10141
/scholarships/fort-saskatchewan-high-school-opportunity-scholarship/,listing,Fort Saskatchewan High School Opportunity Scholarship,https://www.scholarab.ca/scholarships/fort-saskatchewan-high-school-opportunity-scholarship/,62680,47921,12610,10095
/scholarships/fountain-tire-automotive-technician-annual-award/,listing,Fountain Tire Automotive Technician Annual Award,https://www.scholarab.ca/scholarships/fountain-tire-automotive-technician-annual-award/,57601,42842,11603,9075
/scholarships/fp-walshe-high-school-scholarships-and-awards/,listing,F.P. Walshe High School Scholarships and Awards,https://www.scholarab.ca/scholarships/fp-walshe-high-school-scholarships-and-awards/,59362,44603,11888,9352
/scholarships/frank-freeman-educational-scholarship/,listing,Frank Freeman Educational Scholarship,https://www.scholarab.ca/scholarships/frank-freeman-educational-scholarship/,62044,47285,12470,9937
/scholarships/frank-maddock-high-school-awards/,listing,Frank Maddock High School Awards,https://www.scholarab.ca/scholarships/frank-maddock-high-school-awards/,58961,44202,11719,9213
/scholarships/frank-schneider-educational-trust-fund/,listing,Frank Schneider Educational Trust Fund,https://www.scholarab.ca/scholarships/frank-schneider-educational-trust-fund/,57260,42501,11534,8982
/scholarships/frank-whipple-memorial-bursary/,listing,Frank Whipple Memorial Bursary,https://www.scholarab.ca/scholarships/frank-whipple-memorial-bursary/,60199,45440,12166,9641
/scholarships/fraser-institute-student-essay-contest/,listing,Fraser Institute Student Essay Contest,https://www.scholarab.ca/scholarships/fraser-institute-student-essay-contest/,57341,42582,11596,9053
/scholarships/fraser-w-lockwood-memorial-scholarship/,listing,Fraser W. Lockwood Memorial Scholarship,https://www.scholarab.ca/scholarships/fraser-w-lockwood-memorial-scholarship/,59708,44949,11982,9450
/scholarships/fred-and-muriel-lebold-scholarship/,listing,Fred and Muriel Lebold Scholarship,https://www.scholarab.ca/scholarships/fred-and-muriel-lebold-scholarship/,59417,44658,12135,9627
/scholarships/fred-arbter-memorial-award/,listing,Fred Arbter Memorial Award,https://www.scholarab.ca/scholarships/fred-arbter-memorial-award/,61442,46683,12388,9873
/scholarships/fred-millar-memorial-award/,listing,Fred Millar Memorial Award,https://www.scholarab.ca/scholarships/fred-millar-memorial-award/,61866,47107,12458,9945
/scholarships/fred-trotter-memorial-entrance-scholarship/,listing,Fred Trotter Memorial Entrance Scholarship,https://www.scholarab.ca/scholarships/fred-trotter-memorial-entrance-scholarship/,57098,42339,11498,8942
/scholarships/freehorse-family-wellness-society-post-secondary-funding-program/,listing,Freehorse Family Wellness Society Post-Secondary Funding Program,https://www.scholarab.ca/scholarships/freehorse-family-wellness-society-post-secondary-funding-program/,59940,45181,12242,9695
/scholarships/french-bilingual-awards/,listing,French Bilingual Awards,https://www.scholarab.ca/scholarships/french-bilingual-awards/,57671,42912,11703,9190
/scholarships/french-for-the-future-national-essay-contest/,listing,French for the Future National Essay Contest,https://www.scholarab.ca/scholarships/french-for-the-future-national-essay-contest/,59703,44944,12020,9466
/scholarships/french-immersion-leadership-award/,listing,French Immersion Leadership Award,https://www.scholarab.ca/scholarships/french-immersion-leadership-award/,59682,44923,11951,9443
/scholarships/friends-of-canadian-simmental-foundation-advancing-education-bursary/,listing,Friends of Canadian Simmental Foundation Advancing Education Bursary,https://www.scholarab.ca/scholarships/friends-of-canadian-simmental-foundation-advancing-education-bursary/,61877,47118,12442,9897
/scholarships/friends-of-canadian-simmental-foundation-scholarships/,listing,Friends of Canadian Simmental Foundation Scholarships,https://www.scholarab.ca/scholarships/friends-of-canadian-simmental-foundation-scholarships/,59680,44921,12111,9589
/scholarships/friends-of-the-foundation-scholarship/,listing,Friends of the Foundation Scholarship,https://www.scholarab.ca/scholarships/friends-of-the-foundation-scholarship/,62018,47259,12479,9967
/scholarships/friends-of-the-performing-arts-scholarship/,listing,Friends of the Performing Arts Scholarship,https://www.scholarab.ca/scholarships/friends-of-the-performing-arts-scholarship/,62073,47314,12480,9939
/scholarships/friesen-yearbook-scholarship/,listing,Friesen Yearbook Scholarship,https://www.scholarab.ca/scholarships/friesen-yearbook-scholarship/,59775,45016,11845,9348
/scholarships/friesens-yearbook-award/,listing,Friesens Yearbook Award,https://www.scholarab.ca/scholarships/friesens-yearbook-award/,60246,45487,12112,9599
/scholarships/future-generations-foundation-individual-funding/,listing,Future Generations Foundation Individual Funding,https://www.scholarab.ca/scholarships/future-generations-foundation-individual-funding/,59165,44406,11770,9242
/scholarships/future-in-agriculture-bursary/,listing,Future in Agriculture Bursary,https://www.scholarab.ca/scholarships/future-in-agriculture-bursary/,59361,44602,12111,9606
/scholarships/future-masterfeeder-scholarship/,listing,Future Masterfeeder Scholarship,https://www.scholarab.ca/scholarships/future-masterfeeder-scholarship/,61951,47192,12705,10179
/scholarships/g3-grow-beyond-scholarship/,listing,G3 Grow Beyond Scholarship,https://www.scholarab.ca/scholarships/g3-grow-beyond-scholarship/,56559,41800,11414,8889
/scholarships/gagne-family-music-scholarship/,listing,Gagné Family Music Scholarship,https://www.scholarab.ca/scholarships/gagne-family-music-scholarship/,59785,45026,11856,9333
/scholarships/gail-watt-annual-scholarship-in-human-services/,listing,Gail Watt Annual Scholarship in Human Services,https://www.scholarab.ca/scholarships/gail-watt-annual-scholarship-in-human-services/,59343,44584,12121,9605
/scholarships/garett-radchenko-mackay-scholarship/,listing,Garett Radchenko MacKay Scholarship,https://www.scholarab.ca/scholarships/garett-radchenko-mackay-scholarship/,59746,44987,11910,9396
/scholarships/garnett-radchenko-mackay-llp-award/,listing,Garnett Radchenko MacKay LLP Award,https://www.scholarab.ca/scholarships/garnett-radchenko-mackay-llp-award/,57585,42826,11602,9053
/scholarships/garry-hannigan-memorial-scholarship-fund/,listing,Garry Hannigan Memorial Scholarship Fund,https://www.scholarab.ca/scholarships/garry-hannigan-memorial-scholarship-fund/,59364,44605,12073,9561
/scholarships/garth-worthington-memorial-scholarship/,listing,Garth Worthington Memorial Scholarship,https://www.scholarab.ca/scholarships/garth-worthington-memorial-scholarship/,59991,45232,11931,9410
/scholarships/gary-fink-memorial-award/,listing,Gary Fink Memorial Award,https://www.scholarab.ca/scholarships/gary-fink-memorial-award/,56394,41635,11368,8843
/scholarships/gaye-ross-memorial-nursing-scholarship/,listing,Gaye Ross Memorial Nursing Scholarship,https://www.scholarab.ca/scholarships/gaye-ross-memorial-nursing-scholarship/,59285,44526,12062,9544
/scholarships/gazdarica-memorial-scholarship/,listing,Gazdarica Memorial Scholarship,https://www.scholarab.ca/scholarships/gazdarica-memorial-scholarship/,59652,44893,11908,9399
/scholarships/gcaa-high-school-student-awards/,listing,GCAA High School Student Awards,https://www.scholarab.ca/scholarships/gcaa-high-school-student-awards/,57301,42542,11611,9069
/scholarships/gcaa-undergraduate-and-diploma-scholarships/,listing,GCAA Undergraduate and Diploma Scholarships,https://www.scholarab.ca/scholarships/gcaa-undergraduate-and-diploma-scholarships/,57626,42867,11722,9181
/scholarships/george-b-cuff-leadership-award/,listing,George B. Cuff Leadership Award,https://www.scholarab.ca/scholarships/george-b-cuff-leadership-award/,59724,44965,11901,9381
/scholarships/george-edgar-memorial-automotives-scholarship/,listing,George Edgar Memorial Automotives Scholarship,https://www.scholarab.ca/scholarships/george-edgar-memorial-automotives-scholarship/,59626,44867,11899,9379
/scholarships/george-l-saubak-memorial-fund-scholarship/,listing,George L. Saubak Memorial Fund Scholarship,https://www.scholarab.ca/scholarships/george-l-saubak-memorial-fund-scholarship/,60543,45784,12426,9885
/scholarships/george-morley-memorial-scholarship/,listing,George Morley Memorial Scholarship,https://www.scholarab.ca/scholarships/george-morley-memorial-scholarship/,58086,43327,11817,9281
/scholarships/georgia-belknap-endowment-early-learning-and-child-care-entrance-scholarship/,listing,Georgia Belknap Endowment Early Learning and Child Care Entrance Scholarship,https://www.scholarab.ca/scholarships/georgia-belknap-endowment-early-learning-and-child-care-entrance-scholarship/,60278,45519,12207,9656
/scholarships/georgia-belknap-endowment-educational-assistant-entrance-scholarship/,listing,Georgia Belknap Endowment Educational Assistant Entrance Scholarship,https://www.scholarab.ca/scholarships/georgia-belknap-endowment-educational-assistant-entrance-scholarship/,60225,45466,12147,9604
/scholarships/geraldine-macintosh-memorial-bursary/,listing,Geraldine MacIntosh Memorial Bursary,https://www.scholarab.ca/scholarships/geraldine-macintosh-memorial-bursary/,59376,44617,11953,9409
/scholarships/gerry-segger-music-scholarship-in-performance-excellence/,listing,Gerry Segger Music Scholarship in Performance Excellence,https://www.scholarab.ca/scholarships/gerry-segger-music-scholarship-in-performance-excellence/,59523,44764,11892,9339
/scholarships/gillespie-family-bursary/,listing,Gillespie Family Bursary,https://www.scholarab.ca/scholarships/gillespie-family-bursary/,57065,42306,11563,9056
/scholarships/gino-castellan-memorial-foundation-scholarship/,listing,Gino Castellan Memorial Foundation Scholarship,https://www.scholarab.ca/scholarships/gino-castellan-memorial-foundation-scholarship/,59382,44623,11793,9266
/scholarships/girl-guides-of-canada-national-scholarship-program/,listing,Girl Guides of Canada National Scholarship Program,https://www.scholarab.ca/scholarships/girl-guides-of-canada-national-scholarship-program/,59234,44475,11801,9268
/scholarships/gish-law-scholarship-in-english-30-1/,listing,Gish Law Scholarship in English 30-1,https://www.scholarab.ca/scholarships/gish-law-scholarship-in-english-30-1/,57127,42368,11530,9015
/scholarships/gko-entrance-scholarship/,listing,GKO Entrance Scholarship,https://www.scholarab.ca/scholarships/gko-entrance-scholarship/,59388,44629,12091,9593
/scholarships/glc-solutions-women-in-business-scholarship/,listing,GLC Solutions Women in Business Scholarship,https://www.scholarab.ca/scholarships/glc-solutions-women-in-business-scholarship/,57365,42606,11629,9077
/scholarships/glc-solutions-women-in-technology-scholarship/,listing,GLC Solutions Women in Technology Scholarship,https://www.scholarab.ca/scholarships/glc-solutions-women-in-technology-scholarship/,59546,44787,11924,9372
/scholarships/gldc-gas-co-op-post-secondary-scholarship/,listing,G.L.D.C. Gas Co-op Post-Secondary Scholarship,https://www.scholarab.ca/scholarships/gldc-gas-co-op-post-secondary-scholarship/,59263,44504,12049,9530
/scholarships/glen-and-audrey-lett-scholarship/,listing,Glen and Audrey Lett Scholarship,https://www.scholarab.ca/scholarships/glen-and-audrey-lett-scholarship/,59723,44964,11978,9463
/scholarships/glen-hauk-memorial-keyera-scholarship/,listing,Glen Hauk Memorial Keyera Scholarship,https://www.scholarab.ca/scholarships/glen-hauk-memorial-keyera-scholarship/,60192,45433,12047,9524
/scholarships/glen-keeley-memorial-scholarship/,listing,Glen Keeley Memorial Scholarship,https://www.scholarab.ca/scholarships/glen-keeley-memorial-scholarship/,57274,42515,11582,9065
/scholarships/glendon-agricultural-society-student-scholarship/,listing,Glendon Agricultural Society Student Scholarship,https://www.scholarab.ca/scholarships/glendon-agricultural-society-student-scholarship/,59720,44961,12132,9595
/scholarships/gloria-barron-prize-for-young-heroes/,listing,Gloria Barron Prize for Young Heroes,https://www.scholarab.ca/scholarships/gloria-barron-prize-for-young-heroes/,57470,42711,11682,9088
/scholarships/glyn-davies-scholarship/,listing,Glyn Davies Scholarship,https://www.scholarab.ca/scholarships/glyn-davies-scholarship/,62078,47319,12558,10051
/scholarships/gordon-scott-memorial-scholarship/,listing,Gordon Scott Memorial Scholarship,https://www.scholarab.ca/scholarships/gordon-scott-memorial-scholarship/,59551,44792,11969,9459
/scholarships/gpm-lynda-oberg-community-involvement-award/,listing,GPM Lynda Oberg Community Involvement Award,https://www.scholarab.ca/scholarships/gpm-lynda-oberg-community-involvement-award/,59690,44931,12190,9665
/scholarships/gpm-lynda-oberg-nursing-scholarship/,listing,GPM Lynda Oberg Nursing Scholarship,https://www.scholarab.ca/scholarships/gpm-lynda-oberg-nursing-scholarship/,59538,44779,12133,9623
/scholarships/gppsd-career-and-technology-studies-scholarship/,listing,GPPSD Career and Technology Studies Scholarship,https://www.scholarab.ca/scholarships/gppsd-career-and-technology-studies-scholarship/,59311,44552,11810,9272
/scholarships/gppsd-indigenous-scholarship/,listing,GPPSD Indigenous Scholarship,https://www.scholarab.ca/scholarships/gppsd-indigenous-scholarship/,62003,47244,12429,9918
/scholarships/grace-elaine-campbell-scholarship/,listing,Grace Elaine Campbell Scholarship,https://www.scholarab.ca/scholarships/grace-elaine-campbell-scholarship/,59120,44361,11840,9329
/scholarships/grace-good-fortune-bursary-for-single-mothers/,listing,Grace & Good Fortune Bursary for Single Mothers,https://www.scholarab.ca/scholarships/grace-good-fortune-bursary-for-single-mothers/,59790,45031,12005,9472
/scholarships/grade-12-mike-carby-award/,listing,Grade 12 Mike Carby Award,https://www.scholarab.ca/scholarships/grade-12-mike-carby-award/,59512,44753,11965,9434
/scholarships/grand-centre-lions-club-scholarship/,listing,Grand Centre Lions Club Scholarship,https://www.scholarab.ca/scholarships/grand-centre-lions-club-scholarship/,60120,45361,12269,9765
/scholarships/grande-prairie/,directory,Grande Prairie scholarships,https://www.scholarab.ca/scholarships/grande-prairie/,184041,154463,26973,23250
/scholarships/grande-prairie-and-district-chamber-of-commerce-legacy-fund/,listing,Grande Prairie and District Chamber of Commerce Legacy Fund,https://www.scholarab.ca/scholarships/grande-prairie-and-district-chamber-of-commerce-legacy-fund/,59351,44592,11832,9294
/scholarships/grande-prairie-and-district-oldtimers-association-scholarship/,listing,Grande Prairie and District Oldtimers' Association Scholarship,https://www.scholarab.ca/scholarships/grande-prairie-and-district-oldtimers-association-scholarship/,61896,47137,12435,9910
/scholarships/grande-prairie-auto-group-student-award/,listing,Grande Prairie Auto Group Student Award,https://www.scholarab.ca/scholarships/grande-prairie-auto-group-student-award/,59584,44825,11816,9296
/scholarships/grant-macewan-united-world-college-scholarship/,listing,Grant MacEwan United World College Scholarship,https://www.scholarab.ca/scholarships/grant-macewan-united-world-college-scholarship/,60933,46174,12285,9742
/scholarships/grant-notley-memorial-scholarship/,listing,Grant Notley Memorial Scholarship,https://www.scholarab.ca/scholarships/grant-notley-memorial-scholarship/,59043,44284,12114,9612
/scholarships/grasslands-ata-scholarship/,listing,Grasslands ATA Scholarship,https://www.scholarab.ca/scholarships/grasslands-ata-scholarship/,59739,44980,11928,9422
/scholarships/greater-athabasca-community-foundation-scholarship/,listing,Greater Athabasca Community Foundation Scholarship,https://www.scholarab.ca/scholarships/greater-athabasca-community-foundation-scholarship/,59337,44578,12027,9531
/scholarships/green-and-gold-athletic-scholarships/,listing,Green and Gold Athletic Scholarships,https://www.scholarab.ca/scholarships/green-and-gold-athletic-scholarships/,59503,44744,11920,9388
/scholarships/green-gold-scholarships/,listing,Green & Gold Scholarships,https://www.scholarab.ca/scholarships/green-gold-scholarships/,60003,45244,12086,9567
/scholarships/green-leaf-fuel-excellence-in-community-service-scholarship/,listing,Green Leaf Fuel Excellence in Community Service Scholarship,https://www.scholarab.ca/scholarships/green-leaf-fuel-excellence-in-community-service-scholarship/,61426,46667,12343,9812
/scholarships/greenview-post-secondary-scholarship/,listing,Greenview Post-Secondary Scholarship,https://www.scholarab.ca/scholarships/greenview-post-secondary-scholarship/,61775,47016,12538,10007
/scholarships/greg-sylvester-memorial-scholarship/,listing,Greg Sylvester Memorial Scholarship,https://www.scholarab.ca/scholarships/greg-sylvester-memorial-scholarship/,58228,43469,11897,9384
/scholarships/greta-marofke-siblings-affected-by-cancer-memorial-scholarship/,listing,Greta Marofke Siblings Affected by Cancer Memorial Scholarship,https://www.scholarab.ca/scholarships/greta-marofke-siblings-affected-by-cancer-memorial-scholarship/,59695,44936,11863,9312
/scholarships/griesdorf-trophy/,listing,Griesdorf Trophy,https://www.scholarab.ca/scholarships/griesdorf-trophy/,59586,44827,11946,9427
/scholarships/grimshaw-regional-healthcare-attraction-and-retention-scholarship/,listing,Grimshaw Regional Healthcare Attraction and Retention Scholarship,https://www.scholarab.ca/scholarships/grimshaw-regional-healthcare-attraction-and-retention-scholarship/,61639,46880,12412,9878
/scholarships/hal-winlaw-health-nutrition-legacy-award/,listing,Hal Winlaw Health & Nutrition Legacy Award,https://www.scholarab.ca/scholarships/hal-winlaw-health-nutrition-legacy-award/,59287,44528,11865,9338
/scholarships/hanna-knights-of-columbus-bursary/,listing,Hanna Knights of Columbus Bursary,https://www.scholarab.ca/scholarships/hanna-knights-of-columbus-bursary/,61254,46495,12332,9839
/scholarships/hanna-masonic-lodge-student-bursary/,listing,Hanna Masonic Lodge Student Bursary,https://www.scholarab.ca/scholarships/hanna-masonic-lodge-student-bursary/,61368,46609,12353,9822
/scholarships/harry-lomnes-and-family-memorial-scholarship/,listing,Harry Lomnes and Family Memorial Scholarship,https://www.scholarab.ca/scholarships/harry-lomnes-and-family-memorial-scholarship/,60227,45468,12074,9524
/scholarships/hartnellmacarthur-scholarship/,listing,Hartnell/MacArthur Scholarship,https://www.scholarab.ca/scholarships/hartnellmacarthur-scholarship/,62237,47478,12603,10086
/scholarships/harvey-northcott-memorial-scholarship/,listing,Harvey Northcott Memorial Scholarship,https://www.scholarab.ca/scholarships/harvey-northcott-memorial-scholarship/,56935,42176,11428,8879
/scholarships/hawkings-tinney-llp-commerce-award/,listing,Hawkings Tinney LLP Commerce Award,https://www.scholarab.ca/scholarships/hawkings-tinney-llp-commerce-award/,57646,42887,11662,9134
/scholarships/haworth-heritage-business-interiors-architectureinterior-design-scholarship/,listing,Haworth & Heritage Business Interiors Architecture/Interior Design Scholarship,https://www.scholarab.ca/scholarships/haworth-heritage-business-interiors-architectureinterior-design-scholarship/,58098,43339,11735,9153
/scholarships/haywood-hunt-annual-scholarship/,listing,Haywood Hunt Annual Scholarship,https://www.scholarab.ca/scholarships/haywood-hunt-annual-scholarship/,56748,41989,11423,8874
/scholarships/hazel-miller-hurt-scholarship/,listing,Hazel Miller Hurt Scholarship,https://www.scholarab.ca/scholarships/hazel-miller-hurt-scholarship/,62056,47297,12525,10013
/scholarships/headways-book-lovers-scholarship/,listing,Headway's Book Lovers Scholarship,https://www.scholarab.ca/scholarships/headways-book-lovers-scholarship/,60233,45474,12104,9561
/scholarships/health-care-professionals-of-tomorrow-scholarship/,listing,Health Care Professionals of Tomorrow Scholarship,https://www.scholarab.ca/scholarships/health-care-professionals-of-tomorrow-scholarship/,59979,45220,12142,9585
/scholarships/health-education-award/,listing,Health Education Award,https://www.scholarab.ca/scholarships/health-education-award/,59649,44890,11912,9407
/scholarships/hec-gervais-academic-and-curling-scholarship/,listing,Hec Gervais Academic and Curling Scholarship,https://www.scholarab.ca/scholarships/hec-gervais-academic-and-curling-scholarship/,58825,44066,11707,9180
/scholarships/helen-and-george-kilik-scholarship/,listing,Helen and George Kilik Scholarship,https://www.scholarab.ca/scholarships/helen-and-george-kilik-scholarship/,62094,47335,12542,9994
/scholarships/helen-bassett-commemorative-student-award/,listing,Helen Bassett Commemorative Student Award,https://www.scholarab.ca/scholarships/helen-bassett-commemorative-student-award/,59231,44472,11753,9221
/scholarships/helen-gordon-newman-memorial-scholarship/,listing,Helen Gordon Newman Memorial Scholarship,https://www.scholarab.ca/scholarships/helen-gordon-newman-memorial-scholarship/,62058,47299,12491,9962
/scholarships/henri-forgues-scholarship/,listing,Henri Forgues Scholarship,https://www.scholarab.ca/scholarships/henri-forgues-scholarship/,60030,45271,12253,9752
/scholarships/henrick-solheim-and-andy-haugen-bursary/,listing,Henrick Solheim and Andy Haugen Bursary,https://www.scholarab.ca/scholarships/henrick-solheim-and-andy-haugen-bursary/,59289,44530,11933,9396
/scholarships/herbert-h-mumby-memorial-scholarship/,listing,Herbert H. Mumby Memorial Scholarship,https://www.scholarab.ca/scholarships/herbert-h-mumby-memorial-scholarship/,60900,46141,12245,9744
/scholarships/hershita-sainbhee-memorial-scholarship/,listing,Hershita Sainbhee Memorial Scholarship,https://www.scholarab.ca/scholarships/hershita-sainbhee-memorial-scholarship/,59754,44995,11885,9364
/scholarships/high-river-rotary-club-fabrication-studies-service-above-self-award/,listing,High River Rotary Club Fabrication Studies Service Above Self Award,https://www.scholarab.ca/scholarships/high-river-rotary-club-fabrication-studies-service-above-self-award/,60252,45493,12004,9430
/scholarships/high-river-rotary-club-fabrication-studies-work-ethic-award/,listing,High River Rotary Club Fabrication Studies Work Ethic Award,https://www.scholarab.ca/scholarships/high-river-rotary-club-fabrication-studies-work-ethic-award/,59870,45111,11871,9335
/scholarships/high-school-apprenticeship-scholarship/,listing,High School Apprenticeship Scholarship,https://www.scholarab.ca/scholarships/high-school-apprenticeship-scholarship/,59200,44441,11767,9241
/scholarships/high-school-apprenticeship-scholarship-bright-futures/,listing,High School Apprenticeship Scholarship: Bright Futures,https://www.scholarab.ca/scholarships/high-school-apprenticeship-scholarship-bright-futures/,57346,42587,11457,8905
/scholarships/hilltop-awards-and-bursaries/,listing,Hilltop Awards and Bursaries,https://www.scholarab.ca/scholarships/hilltop-awards-and-bursaries/,59612,44853,11970,9416
/scholarships/hines-health-services-indigenous-medical-education-scholarship/,listing,Hines Health Services Indigenous Medical Education Scholarship,https://www.scholarab.ca/scholarships/hines-health-services-indigenous-medical-education-scholarship/,61833,47074,12378,9849
/scholarships/hollaar-family-bursary/,listing,Hollaar Family Bursary,https://www.scholarab.ca/scholarships/hollaar-family-bursary/,59169,44410,11839,9308
/scholarships/holy-trinity-academy-scholarship/,listing,Holy Trinity Academy Scholarship,https://www.scholarab.ca/scholarships/holy-trinity-academy-scholarship/,59573,44814,11856,9360
/scholarships/horatio-alger-canadian-scholarships/,listing,Horatio Alger Canadian Scholarships,https://www.scholarab.ca/scholarships/horatio-alger-canadian-scholarships/,57676,42917,11750,9229
/scholarships/horatio-alger-crown-lift-vocational-and-technical-education-scholarships/,listing,Horatio Alger Crown Lift Vocational and Technical Education Scholarships,https://www.scholarab.ca/scholarships/horatio-alger-crown-lift-vocational-and-technical-education-scholarships/,59850,45091,11920,9366
/scholarships/horatio-alger-indigenous-achievement-scholarships/,listing,Horatio Alger Indigenous Achievement Scholarships,https://www.scholarab.ca/scholarships/horatio-alger-indigenous-achievement-scholarships/,57460,42701,11542,8991
/scholarships/horatio-alger-national-entrepreneurial-scholarships/,listing,Horatio Alger National Entrepreneurial Scholarships,https://www.scholarab.ca/scholarships/horatio-alger-national-entrepreneurial-scholarships/,57501,42742,11640,9090
/scholarships/horatio-alger-vocational-and-technical-education-scholarships/,listing,Horatio Alger Vocational and Technical Education Scholarships,https://www.scholarab.ca/scholarships/horatio-alger-vocational-and-technical-education-scholarships/,59965,45206,11967,9443
/scholarships/horse-lake-education-fund/,listing,Horse Lake Education Fund,https://www.scholarab.ca/scholarships/horse-lake-education-fund/,58813,44054,11719,9204
/scholarships/hpad-student-award/,listing,HPAD Student Award,https://www.scholarab.ca/scholarships/hpad-student-award/,57915,43156,11859,9345
/scholarships/hugh-c-mccullough-safe-driver-endowment/,listing,Hugh C. McCullough Safe Driver Endowment,https://www.scholarab.ca/scholarships/hugh-c-mccullough-safe-driver-endowment/,62099,47340,12512,9976
/scholarships/hugh-robertson-science-prize/,listing,Hugh Robertson Science Prize,https://www.scholarab.ca/scholarships/hugh-robertson-science-prize/,57941,43182,11808,9263
/scholarships/hythe-colts-womens-hockey-student-award-fund/,listing,Hythe Colts Women's Hockey Student Award Fund,https://www.scholarab.ca/scholarships/hythe-colts-womens-hockey-student-award-fund/,59142,44383,11831,9294
/scholarships/icae-youth-essay-competition/,listing,ICAE Youth Essay Competition,https://www.scholarab.ca/scholarships/icae-youth-essay-competition/,57388,42629,11704,9182
/scholarships/imperial-environmental-technology-scholarship/,listing,Imperial Environmental Technology Scholarship,https://www.scholarab.ca/scholarships/imperial-environmental-technology-scholarship/,61862,47103,12453,9924
/scholarships/independent-order-of-oddfellows-scholarship/,listing,Independent Order of Oddfellows Scholarship,https://www.scholarab.ca/scholarships/independent-order-of-oddfellows-scholarship/,57982,43223,11730,9201
/scholarships/,directory,All scholarships,https://www.scholarab.ca/scholarships/,3437457,3101519,380571,343522
/scholarships/indigenous/,directory,Indigenous scholarships,https://www.scholarab.ca/scholarships/indigenous/,209242,178496,29848,26003
/scholarships/indspire-building-brighter-futures-bursaries-and-scholarships/,listing,Indspire Building Brighter Futures Bursaries and Scholarships,https://www.scholarab.ca/scholarships/indspire-building-brighter-futures-bursaries-and-scholarships/,62904,48145,12911,10590
/scholarships/inspiring-futures-scholarship/,listing,Inspiring Futures Scholarship,https://www.scholarab.ca/scholarships/inspiring-futures-scholarship/,57111,42352,11506,8999
/scholarships/inspiring-immigrant-award/,listing,Inspiring Immigrant Award,https://www.scholarab.ca/scholarships/inspiring-immigrant-award/,57379,42620,11622,9097
/scholarships/integra-engineering-scholarship/,listing,Integra Engineering Scholarship,https://www.scholarab.ca/scholarships/integra-engineering-scholarship/,59481,44722,11772,9261
/scholarships/integro-legacy-post-secondary-scholarships/,listing,Integro Legacy Post Secondary Scholarships,https://www.scholarab.ca/scholarships/integro-legacy-post-secondary-scholarships/,60431,45672,12141,9609
/scholarships/inter-pipeline-discovery-awards-program/,listing,Inter Pipeline Discovery Awards Program,https://www.scholarab.ca/scholarships/inter-pipeline-discovery-awards-program/,62386,47627,12560,9989
/scholarships/international-science-olympiad-bursary/,listing,International Science Olympiad Bursary,https://www.scholarab.ca/scholarships/international-science-olympiad-bursary/,58377,43618,11908,9400
/scholarships/investing-in-the-future-award/,listing,Investing in the Future Award,https://www.scholarab.ca/scholarships/investing-in-the-future-award/,57667,42908,11762,9227
/scholarships/iode-coronation-bursary/,listing,IODE Coronation Bursary,https://www.scholarab.ca/scholarships/iode-coronation-bursary/,57177,42418,11624,9065
/scholarships/iode-social-studies-30-1-scholarships/,listing,IODE Social Studies 30-1 Scholarships,https://www.scholarab.ca/scholarships/iode-social-studies-30-1-scholarships/,57052,42293,11496,8977
/scholarships/ippc-indigenous-pharmacy-scholarship/,listing,IPPC Indigenous Pharmacy Scholarship,https://www.scholarab.ca/scholarships/ippc-indigenous-pharmacy-scholarship/,57824,43065,11775,9250
/scholarships/irricana-and-district-agricultural-society-scholarship/,listing,Irricana and District Agricultural Society Scholarship,https://www.scholarab.ca/scholarships/irricana-and-district-agricultural-society-scholarship/,61268,46509,12289,9755
/scholarships/isabella-allen-memorial-award/,listing,Isabella Allen Memorial Award,https://www.scholarab.ca/scholarships/isabella-allen-memorial-award/,60025,45266,12102,9586
/scholarships/islay-health-centre-auxiliary-bursary/,listing,Islay Health Centre Auxiliary Bursary,https://www.scholarab.ca/scholarships/islay-health-centre-auxiliary-bursary/,59284,44525,12121,9600
/scholarships/iuoe-canadian-conference-bursary/,listing,IUOE Canadian Conference Bursary,https://www.scholarab.ca/scholarships/iuoe-canadian-conference-bursary/,58713,43954,11764,9239
/scholarships/ivy-len-freeston-award/,listing,Ivy & Len Freeston Award,https://www.scholarab.ca/scholarships/ivy-len-freeston-award/,59414,44655,11901,9374
/scholarships/iwsh-essay-scholarship-contest/,listing,IWSH Essay Scholarship Contest,https://www.scholarab.ca/scholarships/iwsh-essay-scholarship-contest/,56482,41723,11354,8828
/scholarships/jack-and-lily-kirschman-bursary/,listing,Jack and Lily Kirschman Bursary,https://www.scholarab.ca/scholarships/jack-and-lily-kirschman-bursary/,58580,43821,11653,9119
/scholarships/jack-and-louise-corless-memorial-scholarship/,listing,Jack and Louise Corless Memorial Scholarship,https://www.scholarab.ca/scholarships/jack-and-louise-corless-memorial-scholarship/,60232,45473,12260,9758
/scholarships/jack-kemp-community-school-pillar-scholarship/,listing,Jack Kemp Community School Pillar Scholarship,https://www.scholarab.ca/scholarships/jack-kemp-community-school-pillar-scholarship/,62515,47756,12547,10030
/scholarships/jack-paterson-memorial-scholarship/,listing,Jack Paterson Memorial Scholarship,https://www.scholarab.ca/scholarships/jack-paterson-memorial-scholarship/,61136,46377,12388,9841
/scholarships/jackie-heitzman-rose-bowl-award/,listing,Jackie Heitzman Rose Bowl Award,https://www.scholarab.ca/scholarships/jackie-heitzman-rose-bowl-award/,59752,44993,11867,9340
/scholarships/jake-weitz-memorial-scholarship/,listing,Jake Weitz Memorial Scholarship,https://www.scholarab.ca/scholarships/jake-weitz-memorial-scholarship/,59485,44726,12029,9512
/scholarships/james-carter-sr-memorial-engineering-award/,listing,James Carter Sr. Memorial Engineering Award,https://www.scholarab.ca/scholarships/james-carter-sr-memorial-engineering-award/,59696,44937,12092,9570
/scholarships/james-fowler-school-award/,listing,James Fowler School Award,https://www.scholarab.ca/scholarships/james-fowler-school-award/,59905,45146,12023,9529
/scholarships/james-lee-foundation-scholarship/,listing,James Lee Foundation Scholarship,https://www.scholarab.ca/scholarships/james-lee-foundation-scholarship/,60533,45774,12228,9716
/scholarships/james-michael-mickey-lynch-memorial-scholarship/,listing,James Michael Mickey Lynch Memorial Scholarship,https://www.scholarab.ca/scholarships/james-michael-mickey-lynch-memorial-scholarship/,57855,43096,11546,9023
/scholarships/james-miller-bursary/,listing,James Miller Bursary,https://www.scholarab.ca/scholarships/james-miller-bursary/,60892,46133,12276,9769
/scholarships/james-nesbitt-sr-memorial-scholarship-for-journalism/,listing,James Nesbitt Sr. Memorial Scholarship for Journalism,https://www.scholarab.ca/scholarships/james-nesbitt-sr-memorial-scholarship-for-journalism/,61644,46885,12445,9901
/scholarships/james-p-jones-scholarship/,listing,James P. Jones Scholarship,https://www.scholarab.ca/scholarships/james-p-jones-scholarship/,56891,42132,11525,9007
/scholarships/jane-ripkens-scholarship-fund-for-music-and-the-arts/,listing,Jane Ripkens Scholarship Fund for Music and the Arts,https://www.scholarab.ca/scholarships/jane-ripkens-scholarship-fund-for-music-and-the-arts/,61673,46914,12427,9894
/scholarships/janet-and-horace-allen-science-scholarship/,listing,Janet and Horace Allen Science Scholarship,https://www.scholarab.ca/scholarships/janet-and-horace-allen-science-scholarship/,61553,46794,12439,9900
/scholarships/jared-white-memorial-scholarship/,listing,Jared White Memorial Scholarship,https://www.scholarab.ca/scholarships/jared-white-memorial-scholarship/,59545,44786,11900,9395
/scholarships/jason-fasano-spirit-award/,listing,Jason Fasano Spirit Award,https://www.scholarab.ca/scholarships/jason-fasano-spirit-award/,59161,44402,11902,9383
/scholarships/jasper-park-community-league-scholarship/,listing,Jasper Park Community League Scholarship,https://www.scholarab.ca/scholarships/jasper-park-community-league-scholarship/,61728,46969,12538,10028
/scholarships/jasper-place-music-society-scholarship/,listing,Jasper Place Music Society Scholarship,https://www.scholarab.ca/scholarships/jasper-place-music-society-scholarship/,57613,42854,11527,9013
/scholarships/jaxon-joseph-for-the-love-of-the-game-award/,listing,Jaxon Joseph For the Love of the Game Award,https://www.scholarab.ca/scholarships/jaxon-joseph-for-the-love-of-the-game-award/,60792,46033,12482,9930
/scholarships/jaydon-sommerfeld-memorial-bursary/,listing,Jaydon Sommerfeld Memorial Bursary,https://www.scholarab.ca/scholarships/jaydon-sommerfeld-memorial-bursary/,60829,46049,12615,10062
/scholarships/jean-lumb-awards/,listing,Jean Lumb Awards,https://www.scholarab.ca/scholarships/jean-lumb-awards/,59450,44691,11980,9474
/scholarships/jen-col-scholarship/,listing,Jen Col Scholarship,https://www.scholarab.ca/scholarships/jen-col-scholarship/,60769,46010,12249,9768
/scholarships/jeremy-dickout-memorial-scholarship/,listing,Jeremy Dickout Memorial Scholarship,https://www.scholarab.ca/scholarships/jeremy-dickout-memorial-scholarship/,61440,46681,12450,9933
/scholarships/jg-willard-scholarship/,listing,J.G. Willard Scholarship,https://www.scholarab.ca/scholarships/jg-willard-scholarship/,62112,47353,12543,10026
/scholarships/jim-cellars-memorial-welding-scholarship/,listing,Jim Cellars Memorial Welding Scholarship,https://www.scholarab.ca/scholarships/jim-cellars-memorial-welding-scholarship/,58173,43414,11870,9336
/scholarships/jimmy-bonora-memorial-trades-award/,listing,Jimmy Bonora Memorial Trades Award,https://www.scholarab.ca/scholarships/jimmy-bonora-memorial-trades-award/,62350,47591,12683,10163
/scholarships/joan-ethier-women-in-science-scholarship/,listing,Joan Ethier Women In Science Scholarship,https://www.scholarab.ca/scholarships/joan-ethier-women-in-science-scholarship/,57945,43186,11831,9283
/scholarships/joan-macleod-fine-arts-scholarship/,listing,Joan MacLeod Fine Arts Scholarship,https://www.scholarab.ca/scholarships/joan-macleod-fine-arts-scholarship/,60028,45269,12229,9716
/scholarships/joan-trettler-award/,listing,Joan Trettler Award,https://www.scholarab.ca/scholarships/joan-trettler-award/,59943,45184,12234,9716
/scholarships/jobs-daughters-international-scholarship/,listing,Job's Daughters International Scholarship,https://www.scholarab.ca/scholarships/jobs-daughters-international-scholarship/,59571,44812,12001,9473
/scholarships/joe-mclean-agricultural-scholarship/,listing,Joe McLean Agricultural Scholarship,https://www.scholarab.ca/scholarships/joe-mclean-agricultural-scholarship/,61935,47176,12489,9950
/scholarships/john-a-maude-business-scholarship/,listing,John A. Maude Business Scholarship,https://www.scholarab.ca/scholarships/john-a-maude-business-scholarship/,59892,45133,11988,9483
/scholarships/john-and-ann-scheer-memorial-award/,listing,John and Ann Scheer Memorial Award,https://www.scholarab.ca/scholarships/john-and-ann-scheer-memorial-award/,57163,42404,11586,9072
/scholarships/john-and-edna-bullock-mathematics-scholarship/,listing,John and Edna Bullock Mathematics Scholarship,https://www.scholarab.ca/scholarships/john-and-edna-bullock-mathematics-scholarship/,59001,44242,11716,9192
/scholarships/john-and-vera-dunnigan-education-scholarship/,listing,John and Vera Dunnigan Education Scholarship,https://www.scholarab.ca/scholarships/john-and-vera-dunnigan-education-scholarship/,57246,42487,11518,8973
/scholarships/john-cameron-changing-lives-award/,listing,John Cameron Changing Lives Award,https://www.scholarab.ca/scholarships/john-cameron-changing-lives-award/,59547,44788,11856,9334
/scholarships/john-deere-canada-4-h-scholarship/,listing,John Deere Canada 4-H Scholarship,https://www.scholarab.ca/scholarships/john-deere-canada-4-h-scholarship/,58977,44218,11670,9150
/scholarships/john-hasselfield-endowment-foundation-scholarship/,listing,John Hasselfield Endowment Foundation Scholarship,https://www.scholarab.ca/scholarships/john-hasselfield-endowment-foundation-scholarship/,59375,44616,11911,9383
/scholarships/john-laurie-scholarship/,listing,John Laurie Scholarship,https://www.scholarab.ca/scholarships/john-laurie-scholarship/,61386,46627,12480,9960
/scholarships/john-maland-high-school-and-devon-community-scholarships/,listing,John Maland High School and Devon Community Scholarships,https://www.scholarab.ca/scholarships/john-maland-high-school-and-devon-community-scholarships/,57579,42820,11742,9218
/scholarships/john-reid-memorial-scholarship/,listing,John Reid Memorial Scholarship,https://www.scholarab.ca/scholarships/john-reid-memorial-scholarship/,60165,45406,12270,9767
/scholarships/john-wass-smidstrup-scholarship/,listing,John Wass Smidstrup Scholarship,https://www.scholarab.ca/scholarships/john-wass-smidstrup-scholarship/,58947,44188,11808,9293
/scholarships/johnathan-doody-memorial-scholarship/,listing,Johnathan Doody Memorial Scholarship,https://www.scholarab.ca/scholarships/johnathan-doody-memorial-scholarship/,58604,43845,11642,9105
/scholarships/joseph-stroh-memorial-scholarship/,listing,Joseph Stroh Memorial Scholarship,https://www.scholarab.ca/scholarships/joseph-stroh-memorial-scholarship/,57671,42912,11552,9051
/scholarships/josephburg-ag-society-scholarship/,listing,Josephburg Ag Society Scholarship,https://www.scholarab.ca/scholarships/josephburg-ag-society-scholarship/,60028,45269,12009,9515
/scholarships/josephine-bews-award/,listing,Josephine Bews Award,https://www.scholarab.ca/scholarships/josephine-bews-award/,59115,44356,11752,9244
/scholarships/joudrey-bursary/,listing,Joudrey Bursary,https://www.scholarab.ca/scholarships/joudrey-bursary/,59150,44391,11961,9455
/scholarships/julia-turnbull-leadership-award/,listing,Julia Turnbull Leadership Award,https://www.scholarab.ca/scholarships/julia-turnbull-leadership-award/,57480,42721,11621,9088
/scholarships/juno-beach-parents-society-human-service-scholarship/,listing,Juno Beach Parents' Society Human Service Scholarship,https://www.scholarab.ca/scholarships/juno-beach-parents-society-human-service-scholarship/,58420,43661,11857,9284
/scholarships/juno-beach-parents-society-social-studies-scholarship/,listing,Juno Beach Parents' Society Social Studies Scholarship,https://www.scholarab.ca/scholarships/juno-beach-parents-society-social-studies-scholarship/,60318,45559,12135,9593
/scholarships/kala-fresh-vending-award-for-welding/,listing,Kala Fresh Vending Award for Welding,https://www.scholarab.ca/scholarships/kala-fresh-vending-award-for-welding/,60162,45403,12059,9537
/scholarships/kaleb-price-memorial-scholarship/,listing,Kaleb Price Memorial Scholarship,https://www.scholarab.ca/scholarships/kaleb-price-memorial-scholarship/,59725,44966,11957,9435
/scholarships/kalix-langenau-memorial-scholarship/,listing,Kalix Langenau Memorial Scholarship,https://www.scholarab.ca/scholarships/kalix-langenau-memorial-scholarship/,57041,42282,11529,8982
/scholarships/katherine-dennis-scholarship/,listing,Katherine Dennis Scholarship,https://www.scholarab.ca/scholarships/katherine-dennis-scholarship/,62107,47348,12530,10022
/scholarships/kathy-and-bill-fitzgerald-memorial-award/,listing,Kathy and Bill Fitzgerald Memorial Award,https://www.scholarab.ca/scholarships/kathy-and-bill-fitzgerald-memorial-award/,59550,44791,12082,9553
/scholarships/kay-krausert-award-fund/,listing,Kay Krausert Award Fund,https://www.scholarab.ca/scholarships/kay-krausert-award-fund/,56885,42126,11521,8984
/scholarships/kcsfe-academic-excellence-scholarship/,listing,KCSFE Academic Excellence Scholarship,https://www.scholarab.ca/scholarships/kcsfe-academic-excellence-scholarship/,59167,44408,11737,9199
/scholarships/kcsfe-arts-and-sports-scholarship/,listing,KCSFE Arts and Sports Scholarship,https://www.scholarab.ca/scholarships/kcsfe-arts-and-sports-scholarship/,57416,42657,11621,9085
/scholarships/kcsfe-bursary/,listing,KCSFE Bursary,https://www.scholarab.ca/scholarships/kcsfe-bursary/,56587,41828,11400,8879
/scholarships/kcsfe-graduate-scholarship/,listing,KCSFE Graduate Scholarship,https://www.scholarab.ca/scholarships/kcsfe-graduate-scholarship/,58764,44005,11647,9137
/scholarships/kcsfe-volunteerism-and-community-leadership-scholarship/,listing,KCSFE Volunteerism and Community Leadership Scholarship,https://www.scholarab.ca/scholarships/kcsfe-volunteerism-and-community-leadership-scholarship/,57127,42368,11403,8873
/scholarships/kdm-helping-hands-community-spirit-award/,listing,KDM Helping Hands Community Spirit Award,https://www.scholarab.ca/scholarships/kdm-helping-hands-community-spirit-award/,58081,43322,11712,9174
/scholarships/keith-carswell-memorial-award/,listing,Keith Carswell Memorial Award,https://www.scholarab.ca/scholarships/keith-carswell-memorial-award/,60179,45420,12102,9593
/scholarships/keith-yu-memorial-scholarship-in-choral-music/,listing,Keith Yu Memorial Scholarship In Choral Music,https://www.scholarab.ca/scholarships/keith-yu-memorial-scholarship-in-choral-music/,60160,45401,12078,9534
/scholarships/keith-yu-memorial-scholarship-in-computer-studies/,listing,Keith Yu Memorial Scholarship In Computer Studies,https://www.scholarab.ca/scholarships/keith-yu-memorial-scholarship-in-computer-studies/,58233,43474,11836,9294
/scholarships/kelly-creaghan-stepping-up-in-the-community-award/,listing,Kelly & Creaghan Stepping Up in the Community Award,https://www.scholarab.ca/scholarships/kelly-creaghan-stepping-up-in-the-community-award/,57331,42572,11626,9088
/scholarships/ken-and-doris-hubbard-serenity-developments-scholarship/,listing,Ken and Doris Hubbard Serenity Developments Scholarship,https://www.scholarab.ca/scholarships/ken-and-doris-hubbard-serenity-developments-scholarship/,61317,46558,12303,9771
/scholarships/ken-cowan-bursary/,listing,Ken Cowan Bursary,https://www.scholarab.ca/scholarships/ken-cowan-bursary/,61453,46694,12402,9874
/scholarships/ken-foster-memorial-scholarship/,listing,Ken Foster Memorial Scholarship,https://www.scholarab.ca/scholarships/ken-foster-memorial-scholarship/,58977,44218,11704,9182
/scholarships/ken-litke-and-family-memorial-award/,listing,Ken Litke and Family Memorial Award,https://www.scholarab.ca/scholarships/ken-litke-and-family-memorial-award/,58610,43851,11724,9186
/scholarships/kermet-archibald-jacoba-van-den-brink-entrance-bursary/,listing,Kermet Archibald & Jacoba Van den Brink Entrance Bursary,https://www.scholarab.ca/scholarships/kermet-archibald-jacoba-van-den-brink-entrance-bursary/,58093,43334,11835,9260
/scholarships/kevin-gaetz-award/,listing,Kevin Gaetz Award,https://www.scholarab.ca/scholarships/kevin-gaetz-award/,59978,45219,12122,9605
/scholarships/kevin-gaetz-scholarship/,listing,Kevin Gaetz Scholarship,https://www.scholarab.ca/scholarships/kevin-gaetz-scholarship/,60045,45286,12039,9518
/scholarships/keyano-board-of-governors-award/,listing,Keyano Board of Governors Award,https://www.scholarab.ca/scholarships/keyano-board-of-governors-award/,59417,44658,12062,9556
/scholarships/keyano-board-of-governors-indigenous-award/,listing,Keyano Board of Governors Indigenous Award,https://www.scholarab.ca/scholarships/keyano-board-of-governors-indigenous-award/,59639,44880,12110,9601
/scholarships/keyano-board-of-governors-local-leaders-entrance-award/,listing,Keyano Board of Governors Local Leaders Entrance Award,https://www.scholarab.ca/scholarships/keyano-board-of-governors-local-leaders-entrance-award/,59197,44438,11817,9259
/scholarships/keyano-college-community-award/,listing,Keyano College Community Award,https://www.scholarab.ca/scholarships/keyano-college-community-award/,61646,46887,12461,9945
/scholarships/keyano-college-excellence-award/,listing,Keyano College Excellence Award,https://www.scholarab.ca/scholarships/keyano-college-excellence-award/,57184,42425,11497,8959
/scholarships/keyano-college-fall-financial-need-bursaries/,listing,Keyano College Fall Financial Need Bursaries,https://www.scholarab.ca/scholarships/keyano-college-fall-financial-need-bursaries/,57803,43044,11747,9216
/scholarships/keyano-college-program-achievement-awards/,listing,Keyano College Program Achievement Awards,https://www.scholarab.ca/scholarships/keyano-college-program-achievement-awards/,60058,45299,12329,9805
/scholarships/keyano-college-program-entrance-scholarships/,listing,Keyano College Program Entrance Scholarships,https://www.scholarab.ca/scholarships/keyano-college-program-entrance-scholarships/,59291,44532,11846,9305
/scholarships/keyano-office-administration-certificate-award/,listing,Keyano Office Administration Certificate Award,https://www.scholarab.ca/scholarships/keyano-office-administration-certificate-award/,59647,44888,12089,9577
/scholarships/keyera-energy-peter-j-renton-memorial-scholarship/,listing,Keyera Energy: Peter J. Renton Memorial Scholarship,https://www.scholarab.ca/scholarships/keyera-energy-peter-j-renton-memorial-scholarship/,61528,46769,12420,9883
/scholarships/kids-cancer-care-derek-wandzura-memorial-scholarship/,listing,Kids Cancer Care Derek Wandzura Memorial Scholarship,https://www.scholarab.ca/scholarships/kids-cancer-care-derek-wandzura-memorial-scholarship/,57645,42886,11783,9226
/scholarships/kids-come-first-bursary/,listing,Kids Come First Bursary,https://www.scholarab.ca/scholarships/kids-come-first-bursary/,59333,44574,11935,9430
/scholarships/kim-farrell-memorial-bachelor-of-education-award/,listing,Kim Farrell Memorial Bachelor of Education Award,https://www.scholarab.ca/scholarships/kim-farrell-memorial-bachelor-of-education-award/,61658,46899,12415,9889
/scholarships/kin-canada-bursary/,listing,Kin Canada Bursary,https://www.scholarab.ca/scholarships/kin-canada-bursary/,61455,46696,12481,9974
/scholarships/kinette-club-of-coaldale-bursary/,listing,Kinette Club of Coaldale Bursary,https://www.scholarab.ca/scholarships/kinette-club-of-coaldale-bursary/,62197,47438,12532,10006
/scholarships/kinette-club-of-vulcan-bursary/,listing,Kinette Club of Vulcan Bursary,https://www.scholarab.ca/scholarships/kinette-club-of-vulcan-bursary/,61037,46278,12328,9805
/scholarships/kinsey-verbeek-memorial-award/,listing,Kinsey Verbeek Memorial Award,https://www.scholarab.ca/scholarships/kinsey-verbeek-memorial-award/,60007,45248,11988,9461
/scholarships/kinsmen-club-of-calgary-foundation-scholarship/,listing,Kinsmen Club of Calgary Foundation Scholarship,https://www.scholarab.ca/scholarships/kinsmen-club-of-calgary-foundation-scholarship/,59451,44692,11898,9375
/scholarships/kinsmen-club-of-camrose-bursary/,listing,Kinsmen Club of Camrose Bursary,https://www.scholarab.ca/scholarships/kinsmen-club-of-camrose-bursary/,57686,42927,11583,9046
/scholarships/kinsmen-club-of-edmonton-salute-to-youth-scholarship/,listing,Kinsmen Club of Edmonton Salute to Youth Scholarship,https://www.scholarab.ca/scholarships/kinsmen-club-of-edmonton-salute-to-youth-scholarship/,57962,43203,11556,9006
/scholarships/kinsmen-club-of-okotoks-grade-12-citizenship-award/,listing,Kinsmen Club of Okotoks Grade 12 Citizenship Award,https://www.scholarab.ca/scholarships/kinsmen-club-of-okotoks-grade-12-citizenship-award/,57986,43227,11655,9118
/scholarships/kinsmen-club-of-red-deer-general-entrance-scholarship/,listing,Kinsmen Club of Red Deer General Entrance Scholarship,https://www.scholarab.ca/scholarships/kinsmen-club-of-red-deer-general-entrance-scholarship/,61915,47156,12421,9875
/scholarships/kinsmen-club-of-st-albert-service-award/,listing,Kinsmen Club of St. Albert Service Award,https://www.scholarab.ca/scholarships/kinsmen-club-of-st-albert-service-award/,60335,45576,12289,9773
/scholarships/kinsmen-club-of-vulcan-scholarships/,listing,Kinsmen Club of Vulcan Scholarships,https://www.scholarab.ca/scholarships/kinsmen-club-of-vulcan-scholarships/,61114,46355,12337,9853
/scholarships/kirby-morrow-memorial-scholarship/,listing,Kirby Morrow Memorial Scholarship,https://www.scholarab.ca/scholarships/kirby-morrow-memorial-scholarship/,59041,44282,11827,9305
/scholarships/kirk-and-angelle-mcdougall-award/,listing,Kirk and Angelle McDougall Award,https://www.scholarab.ca/scholarships/kirk-and-angelle-mcdougall-award/,61660,46901,12482,9954
/scholarships/kiwanis-calgary-chinook-and-kiwanis-foundation-of-canada-matching-bursary/,listing,Kiwanis Calgary Chinook and Kiwanis Foundation of Canada Matching Bursary,https://www.scholarab.ca/scholarships/kiwanis-calgary-chinook-and-kiwanis-foundation-of-canada-matching-bursary/,59867,45108,11923,9342
/scholarships/kiwanis-club-of-calgary-chinook-bursary/,listing,Kiwanis Club of Calgary Chinook Bursary,https://www.scholarab.ca/scholarships/kiwanis-club-of-calgary-chinook-bursary/,62283,47524,12544,10006
/scholarships/kiwanis-club-of-cochrane-dirk-bannister-scholarship/,listing,Kiwanis Club of Cochrane Dirk Bannister Scholarship,https://www.scholarab.ca/scholarships/kiwanis-club-of-cochrane-dirk-bannister-scholarship/,58018,43259,11735,9181
/scholarships/kneehill-county-scholarship-program/,listing,Kneehill County Scholarship Program,https://www.scholarab.ca/scholarships/kneehill-county-scholarship-program/,58932,44173,11674,9173
/scholarships/knights-of-columbus-pro-deo-and-pro-patria-scholarships/,listing,Knights of Columbus Pro Deo and Pro Patria Scholarships,https://www.scholarab.ca/scholarships/knights-of-columbus-pro-deo-and-pro-patria-scholarships/,59469,44710,11915,9372
/scholarships/knights-of-columbus-scholarship/,listing,Knights of Columbus Scholarship,https://www.scholarab.ca/scholarships/knights-of-columbus-scholarship/,59936,45177,11981,9465
/scholarships/knights-of-columbus-triple-a-scholarship/,listing,Knights of Columbus Triple A Scholarship,https://www.scholarab.ca/scholarships/knights-of-columbus-triple-a-scholarship/,62261,47502,12613,10093
/scholarships/knowlton-family-rural-alberta-hba-award/,listing,Knowlton Family Rural Alberta HBA Award,https://www.scholarab.ca/scholarships/knowlton-family-rural-alberta-hba-award/,59397,44638,12277,9739
/scholarships/konica-minolta-award/,listing,Konica Minolta Award,https://www.scholarab.ca/scholarships/konica-minolta-award/,57591,42832,11667,9138
/scholarships/la-cpa-accounting-scholarship/,listing,L&A CPA Accounting Scholarship,https://www.scholarab.ca/scholarships/la-cpa-accounting-scholarship/,62268,47509,12520,10007
/scholarships/lacombe/,directory,Lacombe scholarships,https://www.scholarab.ca/scholarships/lacombe/,256302,220842,35476,31179
/scholarships/lacombe-county-leadership-scholarship/,listing,Lacombe County Leadership Scholarship,https://www.scholarab.ca/scholarships/lacombe-county-leadership-scholarship/,56904,42145,11404,8877
/scholarships/lacombe-county-mutual-aid-doug-sproule-memorial-scholarship/,listing,Lacombe County Mutual Aid Doug Sproule Memorial Scholarship,https://www.scholarab.ca/scholarships/lacombe-county-mutual-aid-doug-sproule-memorial-scholarship/,60504,45745,12282,9753
/scholarships/lacombe-district-chamber-of-commerce-annual-scholarship/,listing,Lacombe & District Chamber of Commerce Annual Scholarship,https://www.scholarab.ca/scholarships/lacombe-district-chamber-of-commerce-annual-scholarship/,62393,47634,12559,10047
/scholarships/lacombe-fish-and-game-association-scholarship/,listing,Lacombe Fish and Game Association Scholarship,https://www.scholarab.ca/scholarships/lacombe-fish-and-game-association-scholarship/,60269,45510,12228,9727
/scholarships/lacombe-kinsmen-kin-canada-bursary/,listing,Lacombe Kinsmen Kin Canada Bursary,https://www.scholarab.ca/scholarships/lacombe-kinsmen-kin-canada-bursary/,62205,47446,12525,9986
/scholarships/lacombe-kinsmen-subject-scholarships/,listing,Lacombe Kinsmen Subject Scholarships,https://www.scholarab.ca/scholarships/lacombe-kinsmen-subject-scholarships/,58879,44120,11727,9210
/scholarships/lacombe-legion-scholarship/,listing,Lacombe Legion Scholarship,https://www.scholarab.ca/scholarships/lacombe-legion-scholarship/,60984,46225,12272,9782
/scholarships/lacombe-rotary-district-5360-scholarship/,listing,Lacombe Rotary District #5360 Scholarship,https://www.scholarab.ca/scholarships/lacombe-rotary-district-5360-scholarship/,62398,47639,12649,10113
/scholarships/ladue-ladies-lunch-scholarship/,listing,LaDue Ladies Lunch Scholarship,https://www.scholarab.ca/scholarships/ladue-ladies-lunch-scholarship/,56886,42127,11441,8905
/scholarships/lakeland-co-op-scholarship/,listing,Lakeland Co-op Scholarship,https://www.scholarab.ca/scholarships/lakeland-co-op-scholarship/,59210,44451,11875,9356
/scholarships/lakeland-credit-union-post-secondary-scholarship/,listing,Lakeland Credit Union Post-Secondary Scholarship,https://www.scholarab.ca/scholarships/lakeland-credit-union-post-secondary-scholarship/,59657,44898,12179,9659
/scholarships/lakeland-fasd-scholarship/,listing,Lakeland FASD Scholarship,https://www.scholarab.ca/scholarships/lakeland-fasd-scholarship/,61183,46424,12300,9811
/scholarships/lamont-county-centennial-scholarship/,listing,Lamont County Centennial Scholarship,https://www.scholarab.ca/scholarships/lamont-county-centennial-scholarship/,59384,44625,12074,9563
/scholarships/lampard-family-scholarship-for-sciences/,listing,Lampard Family Scholarship for Sciences,https://www.scholarab.ca/scholarships/lampard-family-scholarship-for-sciences/,59738,44979,12138,9617
/scholarships/lana-hanson-scholarship/,listing,Lana Hanson Scholarship,https://www.scholarab.ca/scholarships/lana-hanson-scholarship/,59084,44325,11851,9336
/scholarships/lance-yearley-scholarship/,listing,Lance Yearley Scholarship,https://www.scholarab.ca/scholarships/lance-yearley-scholarship/,61150,46391,12390,9865
/scholarships/larry-ethier-memorial-scholarship/,listing,Larry Ethier Memorial Scholarship,https://www.scholarab.ca/scholarships/larry-ethier-memorial-scholarship/,57796,43037,11714,9196
/scholarships/lauber-student-award/,listing,Lauber Student Award,https://www.scholarab.ca/scholarships/lauber-student-award/,60061,45302,12044,9561
/scholarships/laurence-decore-awards-for-student-leadership/,listing,Laurence Decore Awards for Student Leadership,https://www.scholarab.ca/scholarships/laurence-decore-awards-for-student-leadership/,59762,45003,11856,9315
/scholarships/laurie-sommerville-scholarship-award/,listing,Laurie Sommerville Scholarship Award,https://www.scholarab.ca/scholarships/laurie-sommerville-scholarship-award/,59687,44928,12020,9474
/scholarships/laverne-jack-lewis-award/,listing,Laverne & Jack Lewis Award,https://www.scholarab.ca/scholarships/laverne-jack-lewis-award/,59600,44841,11995,9477
/scholarships/lawrence-and-adele-thomson-adult-education-award/,listing,Lawrence and Adele Thomson Adult Education Award,https://www.scholarab.ca/scholarships/lawrence-and-adele-thomson-adult-education-award/,61736,46977,12399,9856
/scholarships/lawyers-of-wetaskiwin-business-award/,listing,Lawyers of Wetaskiwin Business Award,https://www.scholarab.ca/scholarships/lawyers-of-wetaskiwin-business-award/,59817,45058,11952,9449
/scholarships/lazarowich-bursary-in-cts-technology-education/,listing,Lazarowich Bursary in CTS Technology Education,https://www.scholarab.ca/scholarships/lazarowich-bursary-in-cts-technology-education/,60023,45264,12305,9750
/scholarships/lchs-alumni-foundation-award-for-valedictorian/,listing,LCHS Alumni Foundation Award for Valedictorian,https://www.scholarab.ca/scholarships/lchs-alumni-foundation-award-for-valedictorian/,60147,45388,12081,9581
/scholarships/lchs-students-union-salutatorian-award/,listing,LCHS Students' Union Salutatorian Award,https://www.scholarab.ca/scholarships/lchs-students-union-salutatorian-award/,57651,42892,11642,9127
/scholarships/leanne-wright-memorial-bursary/,listing,Leanne Wright Memorial Bursary,https://www.scholarab.ca/scholarships/leanne-wright-memorial-bursary/,59184,44425,11855,9333
/scholarships/leduc/,directory,Leduc scholarships,https://www.scholarab.ca/scholarships/leduc/,106855,85325,18787,15946
/scholarships/leduc-community-hospital-foundation-healthcare-studies-scholarship/,listing,Leduc Community Hospital Foundation Healthcare Studies Scholarship,https://www.scholarab.ca/scholarships/leduc-community-hospital-foundation-healthcare-studies-scholarship/,60233,45474,11956,9438
/scholarships/leduc-county-agricultural-service-board-bursary/,listing,Leduc County Agricultural Service Board Bursary,https://www.scholarab.ca/scholarships/leduc-county-agricultural-service-board-bursary/,60103,45344,12011,9489
/scholarships/leduc-developments-senior-welding-annual-award/,listing,LeDuc Developments Senior Welding Annual Award,https://www.scholarab.ca/scholarships/leduc-developments-senior-welding-annual-award/,59805,45046,11929,9372
/scholarships/leduc-influencers-award/,listing,Leduc Influencers Award,https://www.scholarab.ca/scholarships/leduc-influencers-award/,62168,47409,12582,10091
/scholarships/leduc-kinsmen-bursary/,listing,Leduc Kinsmen Bursary,https://www.scholarab.ca/scholarships/leduc-kinsmen-bursary/,57413,42654,11639,9124
/scholarships/leduc-performing-arts-and-cultural-foundation-media-arts-scholarship/,listing,Leduc Performing Arts and Cultural Foundation Media Arts Scholarship,https://www.scholarab.ca/scholarships/leduc-performing-arts-and-cultural-foundation-media-arts-scholarship/,61391,46632,12466,9940
/scholarships/leduc-performing-arts-and-cultural-foundation-music-arts-scholarship/,listing,Leduc Performing Arts and Cultural Foundation Music Arts Scholarship,https://www.scholarab.ca/scholarships/leduc-performing-arts-and-cultural-foundation-music-arts-scholarship/,63389,48630,12735,10501
/scholarships/leduc-performing-arts-and-cultural-foundation-performing-arts-scholarship/,listing,Leduc Performing Arts and Cultural Foundation Performing Arts Scholarship,https://www.scholarab.ca/scholarships/leduc-performing-arts-and-cultural-foundation-performing-arts-scholarship/,63612,48853,12784,10544
/scholarships/leduc-performing-arts-and-cultural-foundation-visual-arts-scholarship/,listing,Leduc Performing Arts and Cultural Foundation Visual Arts Scholarship,https://www.scholarab.ca/scholarships/leduc-performing-arts-and-cultural-foundation-visual-arts-scholarship/,63417,48658,12762,10534
/scholarships/len-t-wong-associates-scholarship/,listing,Len T. Wong + Associates Scholarship,https://www.scholarab.ca/scholarships/len-t-wong-associates-scholarship/,60228,45469,12087,9570
/scholarships/leroy-warden-associates-scholarship/,listing,LeRoy Warden & Associates Scholarship,https://www.scholarab.ca/scholarships/leroy-warden-associates-scholarship/,57301,42542,11625,9085
/scholarships/leslie-g-wadey-memorial-scholarship/,listing,Leslie G. Wadey Memorial Scholarship,https://www.scholarab.ca/scholarships/leslie-g-wadey-memorial-scholarship/,61461,46702,12361,9830
/scholarships/lethbridge/,directory,Lethbridge scholarships,https://www.scholarab.ca/scholarships/lethbridge/,129661,105493,21974,18801
/scholarships/lethbridge-county-bursary-program/,listing,Lethbridge County Bursary Program,https://www.scholarab.ca/scholarships/lethbridge-county-bursary-program/,59279,44520,11767,9232
/scholarships/lethbridge-county-community-benefit-scholarship/,listing,Lethbridge County Community Benefit Scholarship,https://www.scholarab.ca/scholarships/lethbridge-county-community-benefit-scholarship/,59660,44901,11900,9357
/scholarships/lethbridge-polytechnic-entrance-award/,listing,Lethbridge Polytechnic Entrance Award,https://www.scholarab.ca/scholarships/lethbridge-polytechnic-entrance-award/,57560,42801,11736,9225
/scholarships/lethbridge-school-division-ice-scholarship/,listing,Lethbridge School Division ICE Scholarship,https://www.scholarab.ca/scholarships/lethbridge-school-division-ice-scholarship/,57391,42632,11492,8961
/scholarships/lg-hanna-memorial-award/,listing,L.G. Hanna Memorial Award,https://www.scholarab.ca/scholarships/lg-hanna-memorial-award/,57513,42754,11661,9120
/scholarships/lifetouch-humanities-award/,listing,LifeTouch Humanities Award,https://www.scholarab.ca/scholarships/lifetouch-humanities-award/,58796,44037,11694,9168
/scholarships/lifetouch-photography-award/,listing,Lifetouch Photography Award,https://www.scholarab.ca/scholarships/lifetouch-photography-award/,59334,44575,11780,9262
/scholarships/linda-tee-memorial-scholarship/,listing,Linda Tee Memorial Scholarship,https://www.scholarab.ca/scholarships/linda-tee-memorial-scholarship/,61786,47027,12425,9896
/scholarships/linton-and-debbie-falk-scholarship/,listing,Linton and Debbie Falk Scholarship,https://www.scholarab.ca/scholarships/linton-and-debbie-falk-scholarship/,59619,44860,11917,9388
/scholarships/lion-bjarne-tangen-memorial-bursary/,listing,Lion Bjarne Tangen Memorial Bursary,https://www.scholarab.ca/scholarships/lion-bjarne-tangen-memorial-bursary/,59103,44344,11843,9307
/scholarships/lion-don-westman-legacy-scholarship/,listing,Lion Don Westman Legacy Scholarship,https://www.scholarab.ca/scholarships/lion-don-westman-legacy-scholarship/,61379,46620,12304,9771
/scholarships/lions-audiology-scholarship/,listing,Lions Audiology Scholarship,https://www.scholarab.ca/scholarships/lions-audiology-scholarship/,59019,44260,11715,9217
/scholarships/lions-club-of-camrose-len-palmer-memorial-award/,listing,Lions Club of Camrose Len Palmer Memorial Award,https://www.scholarab.ca/scholarships/lions-club-of-camrose-len-palmer-memorial-award/,59741,44982,11888,9344
/scholarships/lions-legacy-scholarship/,listing,Lions Legacy Scholarship,https://www.scholarab.ca/scholarships/lions-legacy-scholarship/,58470,43711,11931,9409
/scholarships/lions-peter-mcgowan-memorial-scholarship/,listing,Lions Peter McGowan Memorial Scholarship,https://www.scholarab.ca/scholarships/lions-peter-mcgowan-memorial-scholarship/,59521,44762,11869,9321
/scholarships/livingstone-macleod-association-bursary-fund/,listing,Livingstone MacLeod Association Bursary Fund,https://www.scholarab.ca/scholarships/livingstone-macleod-association-bursary-fund/,61361,46602,12288,9779
/scholarships/livingstone-range-ata-local-14-scholarships/,listing,Livingstone Range ATA Local #14 Scholarships,https://www.scholarab.ca/scholarships/livingstone-range-ata-local-14-scholarships/,61781,47022,12615,10087
/scholarships/lloydminster/,directory,Lloydminster scholarships,https://www.scholarab.ca/scholarships/lloydminster/,174402,147304,26307,22878
/scholarships/lloydminster-and-district-co-op-scholarship/,listing,Lloydminster and District Co-op Scholarship,https://www.scholarab.ca/scholarships/lloydminster-and-district-co-op-scholarship/,61462,46703,12355,9818
/scholarships/lloydminster-and-district-fish-and-game-scholarship/,listing,Lloydminster and District Fish and Game Scholarship,https://www.scholarab.ca/scholarships/lloydminster-and-district-fish-and-game-scholarship/,60766,46007,12204,9670
/scholarships/lloydminster-construction-association-scholarship/,listing,Lloydminster Construction Association Scholarship,https://www.scholarab.ca/scholarships/lloydminster-construction-association-scholarship/,62468,47709,12538,10020
/scholarships/lloydminster-employers-trades-scholarship/,listing,Lloydminster Employers Trades Scholarship,https://www.scholarab.ca/scholarships/lloydminster-employers-trades-scholarship/,62288,47529,12511,9988
/scholarships/lloydminster-kinettes-project-hope-scholarship/,listing,Lloydminster Kinettes Project Hope Scholarship,https://www.scholarab.ca/scholarships/lloydminster-kinettes-project-hope-scholarship/,62300,47541,12593,10071
/scholarships/lloydminster-kinsmen-scholarship/,listing,Lloydminster Kinsmen Scholarship,https://www.scholarab.ca/scholarships/lloydminster-kinsmen-scholarship/,62100,47341,12456,9956
/scholarships/lloydminster-kiwanis-club-scholarship/,listing,Lloydminster Kiwanis Club Scholarship,https://www.scholarab.ca/scholarships/lloydminster-kiwanis-club-scholarship/,62271,47512,12512,10002
/scholarships/lloydminster-legion-branch-39-scholarship/,listing,Lloydminster Legion Branch #39 Scholarship,https://www.scholarab.ca/scholarships/lloydminster-legion-branch-39-scholarship/,62173,47414,12494,9963
/scholarships/lloydminster-lions-club-scholarship/,listing,Lloydminster Lions Club Scholarship,https://www.scholarab.ca/scholarships/lloydminster-lions-club-scholarship/,62334,47575,12543,10031
/scholarships/lloydminster-minor-ball-association-scholarship/,listing,Lloydminster Minor Ball Association Scholarship,https://www.scholarab.ca/scholarships/lloydminster-minor-ball-association-scholarship/,61558,46799,12394,9853
/scholarships/lloydminster-region-health-foundation-scholarships/,listing,Lloydminster Region Health Foundation Scholarships,https://www.scholarab.ca/scholarships/lloydminster-region-health-foundation-scholarships/,59724,44965,11806,9291
/scholarships/lloydminster-teachers-association-scholarship/,listing,Lloydminster Teachers' Association Scholarship,https://www.scholarab.ca/scholarships/lloydminster-teachers-association-scholarship/,62260,47501,12578,10033
/scholarships/loans-canada-student-award/,listing,Loans Canada Student Award,https://www.scholarab.ca/scholarships/loans-canada-student-award/,56687,41928,11492,8949
/scholarships/local-38-heritage-scholarship-award/,listing,Local 38 Heritage Scholarship Award,https://www.scholarab.ca/scholarships/local-38-heritage-scholarship-award/,61575,46816,12535,10034
/scholarships/logan-hunter-youth-leadership-award/,listing,Logan Hunter Youth Leadership Award,https://www.scholarab.ca/scholarships/logan-hunter-youth-leadership-award/,62657,47898,12721,10459
/scholarships/lois-hole-humanities-and-social-sciences-scholarship/,listing,Lois Hole Humanities and Social Sciences Scholarship,https://www.scholarab.ca/scholarships/lois-hole-humanities-and-social-sciences-scholarship/,59197,44438,11698,9157
/scholarships/lookmanjee-sportsman-mobile-park-scholarship/,listing,Lookmanjee Sportsman Mobile Park Scholarship,https://www.scholarab.ca/scholarships/lookmanjee-sportsman-mobile-park-scholarship/,61492,46733,12377,9870
/scholarships/loran-scholarship/,listing,Loran Scholarship,https://www.scholarab.ca/scholarships/loran-scholarship/,59737,44978,12335,9847
/scholarships/lorilei-and-arthur-jenkins-collaborative-member-scholarship/,listing,Lorilei and Arthur Jenkins Collaborative Member Scholarship,https://www.scholarab.ca/scholarships/lorilei-and-arthur-jenkins-collaborative-member-scholarship/,59363,44604,11846,9314
/scholarships/lorraine-and-doug-demers-scholarship/,listing,Lorraine and Doug Demers Scholarship,https://www.scholarab.ca/scholarships/lorraine-and-doug-demers-scholarship/,62332,47573,12486,9974
/scholarships/lotus-hope-momentum-scholarship/,listing,Lotus Hope Momentum Scholarship,https://www.scholarab.ca/scholarships/lotus-hope-momentum-scholarship/,62100,47341,12449,9936
/scholarships/louise-mckinney-post-secondary-scholarship/,listing,Louise McKinney Post-Secondary Scholarship,https://www.scholarab.ca/scholarships/louise-mckinney-post-secondary-scholarship/,59543,44784,11744,9196
/scholarships/loyal-order-of-moose-music-scholarship/,listing,Loyal Order of Moose Music Scholarship,https://www.scholarab.ca/scholarships/loyal-order-of-moose-music-scholarship/,56925,42166,11444,8911
/scholarships/loyal-order-of-moose-social-studies-scholarship/,listing,Loyal Order of Moose Social Studies Scholarship,https://www.scholarab.ca/scholarships/loyal-order-of-moose-social-studies-scholarship/,59490,44731,11757,9215
/scholarships/lucy-clifton-bedinfield-wehrfritz-scholarship/,listing,Lucy Clifton Bedinfield-Wehrfritz Scholarship,https://www.scholarab.ca/scholarships/lucy-clifton-bedinfield-wehrfritz-scholarship/,61261,46502,12378,9863
/scholarships/luke-santi-memorial-award/,listing,Luke Santi Memorial Award,https://www.scholarab.ca/scholarships/luke-santi-memorial-award/,57290,42531,11634,9096
/scholarships/lyle-bradley-memorial-citizenship-scholarship/,listing,Lyle Bradley Memorial Citizenship Scholarship,https://www.scholarab.ca/scholarships/lyle-bradley-memorial-citizenship-scholarship/,59243,44484,11849,9308
/scholarships/lyle-duncan-and-ian-appleyard-memorial-scholarship/,listing,Lyle Duncan and Ian Appleyard Memorial Scholarship,https://www.scholarab.ca/scholarships/lyle-duncan-and-ian-appleyard-memorial-scholarship/,61491,46732,12340,9799
/scholarships/lynda-costello-award/,listing,Lynda Costello Award,https://www.scholarab.ca/scholarships/lynda-costello-award/,61127,46368,12279,9780
/scholarships/lynda-oquinn-memorial-award/,listing,Lynda O'Quinn Memorial Award,https://www.scholarab.ca/scholarships/lynda-oquinn-memorial-award/,59502,44743,12149,9614
/scholarships/lynn-mcfarlane-scholarship/,listing,Lynn McFarlane Scholarship,https://www.scholarab.ca/scholarships/lynn-mcfarlane-scholarship/,62084,47325,12555,10061
/scholarships/m-cecil-brownlee-bursary/,listing,M. Cecil Brownlee Bursary,https://www.scholarab.ca/scholarships/m-cecil-brownlee-bursary/,59483,44724,12021,9484
/scholarships/mac-nishiyama-memorial-scholarship/,listing,Mac Nishiyama Memorial Scholarship,https://www.scholarab.ca/scholarships/mac-nishiyama-memorial-scholarship/,59465,44706,11841,9302
/scholarships/macdonald-island-park-award/,listing,MacDonald Island Park Award,https://www.scholarab.ca/scholarships/macdonald-island-park-award/,61502,46743,12475,9954
/scholarships/macewan-all-in-for-youth-bursary/,listing,MacEwan All in for Youth Bursary,https://www.scholarab.ca/scholarships/macewan-all-in-for-youth-bursary/,57479,42720,11609,9076
/scholarships/macewan-university-chancellors-scholarship/,listing,MacEwan University Chancellor's Scholarship,https://www.scholarab.ca/scholarships/macewan-university-chancellors-scholarship/,59638,44879,11978,9424
/scholarships/madd-canada-youth-bursary-fund/,listing,MADD Canada Youth Bursary Fund,https://www.scholarab.ca/scholarships/madd-canada-youth-bursary-fund/,59401,44642,11979,9410
/scholarships/madd-red-deer-district-mary-williams-award/,listing,MADD Red Deer & District Mary Williams Award,https://www.scholarab.ca/scholarships/madd-red-deer-district-mary-williams-award/,57479,42720,11688,9135
/scholarships/maegan-janz-ladies-basketball-scholarship/,listing,Maegan Janz Ladies Basketball Scholarship,https://www.scholarab.ca/scholarships/maegan-janz-ladies-basketball-scholarship/,61164,46405,12267,9742
/scholarships/magnussen-family-scholarship/,listing,Magnussen Family Scholarship,https://www.scholarab.ca/scholarships/magnussen-family-scholarship/,57419,42660,11552,9020
/scholarships/mah-society-of-edmonton-centennial-scholarship/,listing,Mah Society of Edmonton Centennial Scholarship,https://www.scholarab.ca/scholarships/mah-society-of-edmonton-centennial-scholarship/,59177,44418,11833,9305
/scholarships/maizex-4-h-canada-scholarship/,listing,Maizex 4-H Canada Scholarship,https://www.scholarab.ca/scholarships/maizex-4-h-canada-scholarship/,56813,42054,11387,8859
/scholarships/malwyn-jones-memorial-award/,listing,Malwyn Jones Memorial Award,https://www.scholarab.ca/scholarships/malwyn-jones-memorial-award/,60166,45407,12108,9578
/scholarships/mamawi-atosketan-native-school-scholarship/,listing,Mamawi Atosketan Native School Scholarship,https://www.scholarab.ca/scholarships/mamawi-atosketan-native-school-scholarship/,59001,44242,11781,9251
/scholarships/mancap-foundation-education-grants/,listing,ManCap Foundation Education Grants,https://www.scholarab.ca/scholarships/mancap-foundation-education-grants/,61376,46617,12452,9944
/scholarships/manibhai-patel-scholarship/,listing,Manibhai Patel Scholarship,https://www.scholarab.ca/scholarships/manibhai-patel-scholarship/,59579,44820,11863,9371
/scholarships/manulife-life-lessons-scholarship/,listing,Manulife Life Lessons Scholarship,https://www.scholarab.ca/scholarships/manulife-life-lessons-scholarship/,57109,42350,11484,8938
/scholarships/margarethe-banack-memorial-award-for-volunteerism/,listing,Margarethe Banack Memorial Award for Volunteerism,https://www.scholarab.ca/scholarships/margarethe-banack-memorial-award-for-volunteerism/,59555,44796,12114,9597
/scholarships/marguerite-patricia-p-bannister-memorial-degree-awards/,listing,Marguerite Patricia P. Bannister Memorial Degree Awards,https://www.scholarab.ca/scholarships/marguerite-patricia-p-bannister-memorial-degree-awards/,59489,44730,11916,9359
/scholarships/marguerite-patricia-p-bannister-memorial-degree-awards-at-calgary-foundation/,listing,Marguerite Patricia P. Bannister Memorial Degree Awards at Calgary Foundation,https://www.scholarab.ca/scholarships/marguerite-patricia-p-bannister-memorial-degree-awards-at-calgary-foundation/,59912,45153,11997,9422
/scholarships/marika-laub-memorial-scholarship/,listing,Marika Laub Memorial Scholarship,https://www.scholarab.ca/scholarships/marika-laub-memorial-scholarship/,58858,44099,11631,9130
/scholarships/marilyn-jackson-fine-arts-scholarship/,listing,Marilyn Jackson Fine Arts Scholarship,https://www.scholarab.ca/scholarships/marilyn-jackson-fine-arts-scholarship/,59789,45030,11916,9377
/scholarships/marit-mckenzie-scholarship/,listing,Marit McKenzie Scholarship,https://www.scholarab.ca/scholarships/marit-mckenzie-scholarship/,60888,46129,12234,9741
/scholarships/marjorie-ranger-scholarship/,listing,Marjorie Ranger Scholarship,https://www.scholarab.ca/scholarships/marjorie-ranger-scholarship/,62314,47555,12572,10049
/scholarships/marjorie-taylor-memorial-scholarship/,listing,Marjorie Taylor Memorial Scholarship,https://www.scholarab.ca/scholarships/marjorie-taylor-memorial-scholarship/,57266,42507,11624,9101
/scholarships/mark-ward-indigenous-award/,listing,Mark Ward Indigenous Award,https://www.scholarab.ca/scholarships/mark-ward-indigenous-award/,59284,44525,12001,9500
/scholarships/marty-and-pam-proctor-awards/,listing,Marty and Pam Proctor Awards,https://www.scholarab.ca/scholarships/marty-and-pam-proctor-awards/,59970,45211,12004,9476
/scholarships/marvin-ruff-scholarship/,listing,Marvin Ruff Scholarship,https://www.scholarab.ca/scholarships/marvin-ruff-scholarship/,59749,44990,12035,9523
/scholarships/mary-and-tony-gom-memorial-scholarship/,listing,Mary and Tony Gom Memorial Scholarship,https://www.scholarab.ca/scholarships/mary-and-tony-gom-memorial-scholarship/,61284,46525,12346,9838
/scholarships/mary-gillard-scholarship/,listing,Mary Gillard Scholarship,https://www.scholarab.ca/scholarships/mary-gillard-scholarship/,59511,44752,11862,9355
/scholarships/mary-kehoe-memorial-scholarship/,listing,Mary Kehoe Memorial Scholarship,https://www.scholarab.ca/scholarships/mary-kehoe-memorial-scholarship/,58896,44137,11838,9303
/scholarships/mary-keohane-96-order-of-the-eastern-star-scholarship/,listing,Mary Keohane #96 Order of the Eastern Star Scholarship,https://www.scholarab.ca/scholarships/mary-keohane-96-order-of-the-eastern-star-scholarship/,61533,46774,12498,9945
/scholarships/mary-ngo-family-bursary/,listing,Mary Ngo Family Bursary,https://www.scholarab.ca/scholarships/mary-ngo-family-bursary/,60035,45276,12247,9766
/scholarships/masonic-lodge-scholarships-in-english-30-2/,listing,Masonic Lodge Scholarships in English 30-2,https://www.scholarab.ca/scholarships/masonic-lodge-scholarships-in-english-30-2/,57153,42394,11500,8969
/scholarships/mathieu-lefevre-memorial-fund-for-artists/,listing,Mathieu Lefevre Memorial Fund for Artists,https://www.scholarab.ca/scholarships/mathieu-lefevre-memorial-fund-for-artists/,59695,44936,11893,9330
/scholarships/matt-bridle-memorial-scholarship/,listing,Matt Bridle Memorial Scholarship,https://www.scholarab.ca/scholarships/matt-bridle-memorial-scholarship/,59536,44777,11823,9303
/scholarships/matt-krol-memorial-fund-award/,listing,Matt Krol Memorial Fund Award,https://www.scholarab.ca/scholarships/matt-krol-memorial-fund-award/,59371,44612,11765,9250
/scholarships/matthewson-and-co-bursary-program/,listing,Matthewson and Co Bursary Program,https://www.scholarab.ca/scholarships/matthewson-and-co-bursary-program/,61456,46697,12383,9865
/scholarships/maureen-langston-memorial-award/,listing,Maureen Langston Memorial Award,https://www.scholarab.ca/scholarships/maureen-langston-memorial-award/,60435,45676,12148,9626
/scholarships/maxwell-li-memorial-award/,listing,Maxwell Li Memorial Award,https://www.scholarab.ca/scholarships/maxwell-li-memorial-award/,57881,43122,11650,9136
/scholarships/mayfield-rotary-service-above-self-scholarship/,listing,Mayfield Rotary Service Above Self Scholarship,https://www.scholarab.ca/scholarships/mayfield-rotary-service-above-self-scholarship/,59777,45018,11926,9417
/scholarships/maynard-metchewais-scholarship/,listing,Maynard Metchewais Scholarship,https://www.scholarab.ca/scholarships/maynard-metchewais-scholarship/,62401,47642,12589,10060
/scholarships/mc-college-excellence-in-cosmetology-scholarship/,listing,MC College Excellence in Cosmetology Scholarship,https://www.scholarab.ca/scholarships/mc-college-excellence-in-cosmetology-scholarship/,62094,47335,12470,9952
/scholarships/mcdonalds-canada-future-of-agriculture-4-h-scholarship/,listing,McDonald's Canada Future of Agriculture 4-H Scholarship,https://www.scholarab.ca/scholarships/mcdonalds-canada-future-of-agriculture-4-h-scholarship/,59243,44484,11742,9182
/scholarships/mckillop-student-awards/,listing,McKillop Student Awards,https://www.scholarab.ca/scholarships/mckillop-student-awards/,59788,45029,11980,9469
/scholarships/mcsnet-scholarship-program/,listing,MCSNet Scholarship Program,https://www.scholarab.ca/scholarships/mcsnet-scholarship-program/,59312,44553,11977,9446
/scholarships/md-of-bonnyville-municipal-scholarship-for-medicine/,listing,M.D. of Bonnyville Municipal Scholarship for Medicine,https://www.scholarab.ca/scholarships/md-of-bonnyville-municipal-scholarship-for-medicine/,61320,46561,12242,9725
/scholarships/md-of-bonnyville-municipal-scholarship-for-nursing/,listing,M.D. of Bonnyville Municipal Scholarship for Nursing,https://www.scholarab.ca/scholarships/md-of-bonnyville-municipal-scholarship-for-nursing/,61550,46791,12353,9845
/scholarships/md-of-bonnyville-municipal-scholarship-for-veterinary-medicine/,listing,M.D. of Bonnyville Municipal Scholarship for Veterinary Medicine,https://www.scholarab.ca/scholarships/md-of-bonnyville-municipal-scholarship-for-veterinary-medicine/,61507,46748,12311,9796
/scholarships/md-of-taber-annual-bursary/,listing,MD of Taber Annual Bursary,https://www.scholarab.ca/scholarships/md-of-taber-annual-bursary/,58851,44092,11871,9335
/scholarships/md-of-wainwright-agricultural-service-board-bursary/,listing,MD of Wainwright Agricultural Service Board Bursary,https://www.scholarab.ca/scholarships/md-of-wainwright-agricultural-service-board-bursary/,58878,44119,11686,9136
/scholarships/md-of-wainwright-education-bursary/,listing,MD of Wainwright Education Bursary,https://www.scholarab.ca/scholarships/md-of-wainwright-education-bursary/,58698,43939,11746,9204
/scholarships/meagan-kirstein-memorial-entrance-scholarship/,listing,Meagan Kirstein Memorial Entrance Scholarship,https://www.scholarab.ca/scholarships/meagan-kirstein-memorial-entrance-scholarship/,61493,46734,12487,9952
/scholarships/meaghan-kate-foley-memorial-scholarship/,listing,Meaghan Kate Foley Memorial Scholarship,https://www.scholarab.ca/scholarships/meaghan-kate-foley-memorial-scholarship/,59561,44802,11826,9330
/scholarships/medicine-hat/,directory,Medicine Hat scholarships,https://www.scholarab.ca/scholarships/medicine-hat/,115938,92943,19225,16109
/scholarships/medicine-hat-college-student-awards/,listing,Medicine Hat College Student Awards,https://www.scholarab.ca/scholarships/medicine-hat-college-student-awards/,57460,42640,11552,8997
/scholarships/medicine-hat-firefighters-charitable-foundation-scholarship/,listing,Medicine Hat Firefighters Charitable Foundation Scholarship,https://www.scholarab.ca/scholarships/medicine-hat-firefighters-charitable-foundation-scholarship/,60100,45341,11978,9440
/scholarships/medicine-hat-high-school-graduation-awards/,listing,Medicine Hat High School Graduation Awards,https://www.scholarab.ca/scholarships/medicine-hat-high-school-graduation-awards/,60423,45664,12344,9854
/scholarships/mellissa-austrom-endowment-fund/,listing,Mellissa Austrom Endowment Fund,https://www.scholarab.ca/scholarships/mellissa-austrom-endowment-fund/,59670,44911,11903,9378
/scholarships/memorial-ribbon-scholarship/,listing,Memorial Ribbon Scholarship,https://www.scholarab.ca/scholarships/memorial-ribbon-scholarship/,57223,42402,11691,9134
/scholarships/mensa-canada-scholarship-programme/,listing,Mensa Canada Scholarship Programme,https://www.scholarab.ca/scholarships/mensa-canada-scholarship-programme/,56953,42194,11552,8991
/scholarships/merck-canada-indigenous-student-scholarship/,listing,Merck Canada Indigenous Student Scholarship,https://www.scholarab.ca/scholarships/merck-canada-indigenous-student-scholarship/,59467,44708,11901,9383
/scholarships/meridian-masonic-lodge-bursary/,listing,Meridian Masonic Lodge Bursary,https://www.scholarab.ca/scholarships/meridian-masonic-lodge-bursary/,59971,45212,12014,9495
/scholarships/merit-contractors-scholarship/,listing,Merit Contractors Scholarship,https://www.scholarab.ca/scholarships/merit-contractors-scholarship/,61407,46648,12407,9889
/scholarships/metis-scholar-awards/,listing,Métis Scholar Awards,https://www.scholarab.ca/scholarships/metis-scholar-awards/,62006,47247,12698,10165
/scholarships/michael-a-strembitsky-award-of-excellence/,listing,Michael A. Strembitsky Award of Excellence,https://www.scholarab.ca/scholarships/michael-a-strembitsky-award-of-excellence/,57997,43238,11799,9253
/scholarships/michael-burnyeat-fcpa-fca-sparking-great-careers-high-school-award/,listing,"Michael Burnyeat FCPA, FCA Sparking Great Careers High School Award",https://www.scholarab.ca/scholarships/michael-burnyeat-fcpa-fca-sparking-great-careers-high-school-award/,57443,42684,11728,9146
/scholarships/michael-gee-scholarship-fund-award/,listing,Michael Gee Scholarship Fund Award,https://www.scholarab.ca/scholarships/michael-gee-scholarship-fund-award/,59561,44802,11963,9450
/scholarships/michael-melancon-koffend-student-award/,listing,Michael Melancon-Koffend Student Award,https://www.scholarab.ca/scholarships/michael-melancon-koffend-student-award/,59033,44274,11667,9145
/scholarships/michael-r-allers-memorial-scholarship/,listing,Michael R. Allers Memorial Scholarship,https://www.scholarab.ca/scholarships/michael-r-allers-memorial-scholarship/,59101,44342,11999,9488
/scholarships/michael-vaughan-spirit-of-sport-scholarship/,listing,Michael Vaughan Spirit of Sport Scholarship,https://www.scholarab.ca/scholarships/michael-vaughan-spirit-of-sport-scholarship/,57222,42463,11575,9057
/scholarships/mike-w-achtymichuk-memorial-scholarship/,listing,Mike W. Achtymichuk Memorial Scholarship,https://www.scholarab.ca/scholarships/mike-w-achtymichuk-memorial-scholarship/,61706,46947,12493,9969
/scholarships/mikisew-cree-first-nation-student-services-sponsorship/,listing,Mikisew Cree First Nation Student Services Sponsorship,https://www.scholarab.ca/scholarships/mikisew-cree-first-nation-student-services-sponsorship/,61662,46903,12393,9846
/scholarships/mildred-rowe-weston-memorial-scholarship/,listing,Mildred Rowe Weston Memorial Scholarship,https://www.scholarab.ca/scholarships/mildred-rowe-weston-memorial-scholarship/,58904,44145,11684,9140
/scholarships/millennium-lanes-consistent-effort-scholarship/,listing,Millennium Lanes Consistent Effort Scholarship,https://www.scholarab.ca/scholarships/millennium-lanes-consistent-effort-scholarship/,57605,42846,11548,9007
/scholarships/milo-lions-legacy-scholarship/,listing,Milo Lions Legacy Scholarship,https://www.scholarab.ca/scholarships/milo-lions-legacy-scholarship/,61189,46430,12323,9831
/scholarships/mindfuel-cdl-rockies-opportunities-scholarship/,listing,MindFuel CDL-Rockies Opportunities Scholarship,https://www.scholarab.ca/scholarships/mindfuel-cdl-rockies-opportunities-scholarship/,59411,44652,11926,9366
/scholarships/mj-munn-kristoff-forest-resources-scholarship/,listing,MJ Munn-Kristoff Forest Resources Scholarship,https://www.scholarab.ca/scholarships/mj-munn-kristoff-forest-resources-scholarship/,61302,46543,12278,9767
/scholarships/mnp-4-h-canada-scholarship/,listing,MNP 4-H Canada Scholarship,https://www.scholarab.ca/scholarships/mnp-4-h-canada-scholarship/,56767,42008,11392,8856
/scholarships/mnp-llp-scholarship/,listing,MNP LLP Scholarship,https://www.scholarab.ca/scholarships/mnp-llp-scholarship/,59518,44759,11938,9451
/scholarships/mnp-llp-scholarship-lloydminster/,listing,MNP LLP Scholarship (Lloydminster),https://www.scholarab.ca/scholarships/mnp-llp-scholarship-lloydminster/,62147,47388,12507,9995
/scholarships/modern-languages-scholarship-wetaskiwin-composite/,listing,Modern Languages Scholarship (Wetaskiwin Composite),https://www.scholarab.ca/scholarships/modern-languages-scholarship-wetaskiwin-composite/,58986,44227,11676,9162
/scholarships/modern-metis-woman-scholarship/,listing,Modern Métis Woman Scholarship,https://www.scholarab.ca/scholarships/modern-metis-woman-scholarship/,61635,46876,12531,10020
/scholarships/momentum-indigenous-scholarship/,listing,Momentum Indigenous Scholarship,https://www.scholarab.ca/scholarships/momentum-indigenous-scholarship/,59403,44644,11872,9372
/scholarships/mook-and-giesinger-awards/,listing,Mook and Giesinger Awards,https://www.scholarab.ca/scholarships/mook-and-giesinger-awards/,57528,42769,11533,9033
/scholarships/moore-shilleto-social-studies-essay-award/,listing,Moore Shilleto Social Studies Essay Award,https://www.scholarab.ca/scholarships/moore-shilleto-social-studies-essay-award/,62240,47481,12597,10058
/scholarships/mount-royal-university-entrance-scholarship/,listing,Mount Royal University Entrance Scholarship,https://www.scholarab.ca/scholarships/mount-royal-university-entrance-scholarship/,59314,44555,11866,9363
/scholarships/mountain-view-county-citizenship-awards/,listing,Mountain View County Citizenship Awards,https://www.scholarab.ca/scholarships/mountain-view-county-citizenship-awards/,57689,42930,11570,9057
/scholarships/mr-and-mrs-er-finckh-scholarship-fund/,listing,Mr. and Mrs. E.R. Finckh Scholarship Fund,https://www.scholarab.ca/scholarships/mr-and-mrs-er-finckh-scholarship-fund/,61199,46440,12325,9819
/scholarships/mullets-barber-award/,listing,Mullets Barber Award,https://www.scholarab.ca/scholarships/mullets-barber-award/,58857,44098,11988,9498
/scholarships/murray-family-career-opportunity-award/,listing,Murray Family Career Opportunity Award,https://www.scholarab.ca/scholarships/murray-family-career-opportunity-award/,61647,46888,12385,9842
/scholarships/mw-jr-tebo-memorial-journalism-award/,listing,M.W. & J.R. Tebo Memorial Journalism Award,https://www.scholarab.ca/scholarships/mw-jr-tebo-memorial-journalism-award/,58451,43692,11898,9345
/scholarships/nadc-northern-alberta-development-council-bursary/,listing,NADC Northern Alberta Development Council Bursary,https://www.scholarab.ca/scholarships/nadc-northern-alberta-development-council-bursary/,57502,42743,11661,9096
/scholarships/nait-student-awards/,listing,NAIT Student Awards,https://www.scholarab.ca/scholarships/nait-student-awards/,61357,46598,12501,10010
/scholarships/nancy-fairley-scholarship/,listing,Nancy Fairley Scholarship,https://www.scholarab.ca/scholarships/nancy-fairley-scholarship/,56941,42182,11512,8965
/scholarships/nancy-wang-women-in-engineering-scholarship/,listing,Nancy Wang Women in Engineering Scholarship,https://www.scholarab.ca/scholarships/nancy-wang-women-in-engineering-scholarship/,60153,45394,12066,9531
/scholarships/napa-automotives-technology-award/,listing,NAPA Automotives Technology Award,https://www.scholarab.ca/scholarships/napa-automotives-technology-award/,59582,44823,11836,9294
/scholarships/napa-top-automotive-student-award/,listing,NAPA Top Automotive Student Award,https://www.scholarab.ca/scholarships/napa-top-automotive-student-award/,60029,45270,12033,9529
/scholarships/narfi-olafson-memorial-entrance-scholarship/,listing,Narfi Olafson Memorial Entrance Scholarship,https://www.scholarab.ca/scholarships/narfi-olafson-memorial-entrance-scholarship/,59545,44786,12104,9574
/scholarships/nathan-saby-athletics-scholarship/,listing,Nathan Saby Athletics Scholarship,https://www.scholarab.ca/scholarships/nathan-saby-athletics-scholarship/,59411,44652,11733,9233
/scholarships/national/,directory,National scholarships,https://www.scholarab.ca/scholarships/national/,391548,342170,51872,45871
/scholarships/nav-ghali-memorial-scholarship/,listing,Nav Ghali Memorial Scholarship,https://www.scholarab.ca/scholarships/nav-ghali-memorial-scholarship/,60094,45335,12060,9504
/scholarships/navy-league-of-canada-maritime-affairs-scholarship/,listing,Navy League of Canada Maritime Affairs Scholarship,https://www.scholarab.ca/scholarships/navy-league-of-canada-maritime-affairs-scholarship/,57213,42454,11619,9067
/scholarships/ncia-scholarship/,listing,NCIA Scholarship,https://www.scholarab.ca/scholarships/ncia-scholarship/,59696,44937,11966,9450
/scholarships/neal-knoot-memorial-scholarship/,listing,Neal Knoot Memorial Scholarship,https://www.scholarab.ca/scholarships/neal-knoot-memorial-scholarship/,61318,46559,12321,9819
/scholarships/nellie-makokis-carlson-commemorative-student-award/,listing,Nellie Makokis Carlson Commemorative Student Award,https://www.scholarab.ca/scholarships/nellie-makokis-carlson-commemorative-student-award/,59214,44455,11688,9140
/scholarships/neutral-hills-agricultural-society-scholarship/,listing,Neutral Hills Agricultural Society Scholarship,https://www.scholarab.ca/scholarships/neutral-hills-agricultural-society-scholarship/,61649,46890,12410,9884
/scholarships/new-beginnings-bursary/,listing,New Beginnings Bursary,https://www.scholarab.ca/scholarships/new-beginnings-bursary/,59007,44248,11734,9195
/scholarships/next-step-legacy-rap-scholarship/,listing,Next Step Legacy RAP Scholarship,https://www.scholarab.ca/scholarships/next-step-legacy-rap-scholarship/,61084,46325,12305,9783
/scholarships/niagara-region-right-to-life-scholarship/,listing,Niagara Region Right to Life Scholarship,https://www.scholarab.ca/scholarships/niagara-region-right-to-life-scholarship/,59748,44989,12323,9816
/scholarships/nickolas-paswisty-memorial-bursary/,listing,Nickolas Paswisty Memorial Bursary,https://www.scholarab.ca/scholarships/nickolas-paswisty-memorial-bursary/,58129,43370,11825,9288
/scholarships/nicole-mckenzie-memorial-scholarship/,listing,Nicole McKenzie Memorial Scholarship,https://www.scholarab.ca/scholarships/nicole-mckenzie-memorial-scholarship/,61285,46526,12393,9872
/scholarships/nieef-indigenous-scholarships/,listing,NIEEF Indigenous Scholarships,https://www.scholarab.ca/scholarships/nieef-indigenous-scholarships/,59384,44625,12094,9586
/scholarships/norm-jacobs-memorial-bursary/,listing,Norm Jacobs Memorial Bursary,https://www.scholarab.ca/scholarships/norm-jacobs-memorial-bursary/,59518,44759,12132,9594
/scholarships/norman-and-eloise-umbach-scholarship/,listing,Norman and Eloise Umbach Scholarship,https://www.scholarab.ca/scholarships/norman-and-eloise-umbach-scholarship/,59701,44942,11932,9413
/scholarships/norris-bowen-scholarship/,listing,Norris-Bowen Scholarship,https://www.scholarab.ca/scholarships/norris-bowen-scholarship/,59004,44245,11704,9203
/scholarships/north-american-van-lines-logistics-scholarship/,listing,North American Van Lines Logistics Scholarship,https://www.scholarab.ca/scholarships/north-american-van-lines-logistics-scholarship/,59200,44441,12062,9504
/scholarships/north-corridor-co-operative-scholarship/,listing,North Corridor Co-operative Scholarship,https://www.scholarab.ca/scholarships/north-corridor-co-operative-scholarship/,61176,46417,12282,9781
/scholarships/north-kleskun-student-scholarship/,listing,North Kleskun Student Scholarship,https://www.scholarab.ca/scholarships/north-kleskun-student-scholarship/,59054,44295,11744,9232
/scholarships/north-peace-winter-games-legacy-scholarship/,listing,North Peace Winter Games Legacy Scholarship,https://www.scholarab.ca/scholarships/north-peace-winter-games-legacy-scholarship/,59567,44808,12117,9611
/scholarships/northeastern-alberta-aboriginal-business-association-office-administration-award/,listing,Northeastern Alberta Aboriginal Business Association Office Administration Award,https://www.scholarab.ca/scholarships/northeastern-alberta-aboriginal-business-association-office-administration-award/,62047,47288,12366,9805
/scholarships/northern-alberta-rural-physicians-fund/,listing,Northern Alberta Rural Physicians Fund,https://www.scholarab.ca/scholarships/northern-alberta-rural-physicians-fund/,61632,46873,12417,9883
/scholarships/northern-lakes-college-dual-credit-bursary/,listing,Northern Lakes College Dual Credit Bursary,https://www.scholarab.ca/scholarships/northern-lakes-college-dual-credit-bursary/,58778,44019,11661,9140
/scholarships/northern-lights-aboriginal-achievement-scholarship/,listing,Northern Lights Aboriginal Achievement Scholarship,https://www.scholarab.ca/scholarships/northern-lights-aboriginal-achievement-scholarship/,59707,44948,12229,9693
/scholarships/northern-lights-ata-local-15-scholarship/,listing,Northern Lights ATA Local #15 Scholarship,https://www.scholarab.ca/scholarships/northern-lights-ata-local-15-scholarship/,62604,47845,12686,10159
/scholarships/northern-lights-public-schools-student-leadership-award/,listing,Northern Lights Public Schools Student Leadership Award,https://www.scholarab.ca/scholarships/northern-lights-public-schools-student-leadership-award/,62372,47613,12567,10018
/scholarships/northlands-academic-upgrading-scholarship/,listing,Northlands Academic Upgrading Scholarship,https://www.scholarab.ca/scholarships/northlands-academic-upgrading-scholarship/,61913,47154,12399,9881
/scholarships/northlands-advancement-award/,listing,Northlands Advancement Award,https://www.scholarab.ca/scholarships/northlands-advancement-award/,61510,46751,12450,9928
/scholarships/northlands-commitment-to-excellence-scholarship/,listing,Northlands Commitment to Excellence Scholarship,https://www.scholarab.ca/scholarships/northlands-commitment-to-excellence-scholarship/,57310,42551,11545,9020
/scholarships/northlands-empowerment-award/,listing,Northlands Empowerment Award,https://www.scholarab.ca/scholarships/northlands-empowerment-award/,61571,46812,12393,9879
/scholarships/northstar-ford-lincoln-marty-and-dennine-giles-award-a/,listing,Northstar Ford Lincoln Marty and Dennine Giles Award (A),https://www.scholarab.ca/scholarships/northstar-ford-lincoln-marty-and-dennine-giles-award-a/,61826,47067,12442,9896
/scholarships/northstar-ford-lincoln-marty-and-dennine-giles-award-b/,listing,Northstar Ford Lincoln Marty and Dennine Giles Award (B),https://www.scholarab.ca/scholarships/northstar-ford-lincoln-marty-and-dennine-giles-award-b/,59750,44991,12144,9607
/scholarships/northstar-ford-lincoln-marty-and-dennine-giles-award-c/,listing,Northstar Ford Lincoln Marty and Dennine Giles Award (C),https://www.scholarab.ca/scholarships/northstar-ford-lincoln-marty-and-dennine-giles-award-c/,59901,45142,12124,9576
/scholarships/northwestern-alberta-foundation-student-awards/,listing,Northwestern Alberta Foundation Student Awards,https://www.scholarab.ca/scholarships/northwestern-alberta-foundation-student-awards/,59663,44904,12068,9545
/scholarships/northwestern-polytechnic-awards/,listing,Northwestern Polytechnic Awards,https://www.scholarab.ca/scholarships/northwestern-polytechnic-awards/,59312,44553,11788,9284
/scholarships/northwinds-marching-band-scholarships/,listing,Northwinds Marching Band Scholarships,https://www.scholarab.ca/scholarships/northwinds-marching-band-scholarships/,57814,43055,11592,9082
/scholarships/nupge-terry-fox-memorial-scholarship/,listing,NUPGE Terry Fox Memorial Scholarship,https://www.scholarab.ca/scholarships/nupge-terry-fox-memorial-scholarship/,59359,44538,12161,9602
/scholarships/nupge-tommy-douglas-scholarship/,listing,NUPGE Tommy Douglas Scholarship,https://www.scholarab.ca/scholarships/nupge-tommy-douglas-scholarship/,59344,44465,12181,9600
/scholarships/obsidian-energy-energy-excellence-scholarship/,listing,Obsidian Energy Energy Excellence Scholarship,https://www.scholarab.ca/scholarships/obsidian-energy-energy-excellence-scholarship/,59168,44409,11786,9285
/scholarships/okotoks/,directory,Okotoks scholarships,https://www.scholarab.ca/scholarships/okotoks/,184136,154646,26858,23097
/scholarships/okotoks-and-district-chamber-of-commerce-business-award/,listing,Okotoks and District Chamber of Commerce Business Award,https://www.scholarab.ca/scholarships/okotoks-and-district-chamber-of-commerce-business-award/,59861,45102,11905,9352
/scholarships/okotoks-and-district-historical-society-annual-scholarship/,listing,Okotoks and District Historical Society Annual Scholarship,https://www.scholarab.ca/scholarships/okotoks-and-district-historical-society-annual-scholarship/,57098,42339,11436,8881
/scholarships/okotoks-and-district-senior-club-scholarship/,listing,Okotoks and District Senior Club Scholarship,https://www.scholarab.ca/scholarships/okotoks-and-district-senior-club-scholarship/,59693,44934,11877,9357
/scholarships/okotoks-chevrolet-buick-gmc-annual-award/,listing,Okotoks Chevrolet Buick GMC Annual Award,https://www.scholarab.ca/scholarships/okotoks-chevrolet-buick-gmc-annual-award/,60046,45287,11939,9403
/scholarships/okotoks-elks-lodge-grade-12-scholarship/,listing,Okotoks Elks Lodge Grade 12 Scholarship,https://www.scholarab.ca/scholarships/okotoks-elks-lodge-grade-12-scholarship/,59601,44842,11802,9303
/scholarships/okotoks-eyecare-health-sciences-scholarship/,listing,Okotoks Eyecare Health Sciences Scholarship,https://www.scholarab.ca/scholarships/okotoks-eyecare-health-sciences-scholarship/,59550,44791,11868,9333
/scholarships/okotoks-rotary-career-opportunity-awards/,listing,Okotoks Rotary Career Opportunity Awards,https://www.scholarab.ca/scholarships/okotoks-rotary-career-opportunity-awards/,57552,42793,11740,9215
/scholarships/okotoks-royal-canadian-legion-branch-291-scholarship/,listing,Okotoks Royal Canadian Legion Branch 291 Scholarship,https://www.scholarab.ca/scholarships/okotoks-royal-canadian-legion-branch-291-scholarship/,59927,45168,11945,9401
/scholarships/old-red-brick-fort-high-school-reunion-award/,listing,Old Red Brick Fort High School Reunion Award,https://www.scholarab.ca/scholarships/old-red-brick-fort-high-school-reunion-award/,60633,45874,12382,9856
/scholarships/oliver-collumbell-kelly-memorial-scholarship/,listing,Oliver Collumbell Kelly Memorial Scholarship,https://www.scholarab.ca/scholarships/oliver-collumbell-kelly-memorial-scholarship/,58670,43911,11697,9155
/scholarships/olwen-thomas-memorial-award/,listing,Olwen Thomas Memorial Award,https://www.scholarab.ca/scholarships/olwen-thomas-memorial-award/,60273,45514,12150,9619
/scholarships/oneca-post-secondary-student-award/,listing,ONECA Post-Secondary Student Award,https://www.scholarab.ca/scholarships/oneca-post-secondary-student-award/,61512,46753,12373,9851
/scholarships/opa-kers-legacy-fund-unsung-hero-award/,listing,Opa Kers Legacy Fund Unsung Hero Award,https://www.scholarab.ca/scholarships/opa-kers-legacy-fund-unsung-hero-award/,61450,46691,12484,9942
/scholarships/open-circle-construction-technology-award/,listing,Open Circle Construction Technology Award,https://www.scholarab.ca/scholarships/open-circle-construction-technology-award/,59789,45030,11906,9391
/scholarships/open-door-bursary/,listing,Open Door Bursary,https://www.scholarab.ca/scholarships/open-door-bursary/,58976,44217,11793,9275
/scholarships/optimist-club-william-j-cummer-scholarship/,listing,Optimist Club William J. Cummer Scholarship,https://www.scholarab.ca/scholarships/optimist-club-william-j-cummer-scholarship/,59805,45046,11966,9446
/scholarships/optimist-international-essay-contest/,listing,Optimist International Essay Contest,https://www.scholarab.ca/scholarships/optimist-international-essay-contest/,60068,45309,12077,9555
/scholarships/optimist-international-oratorical-contest/,listing,Optimist International Oratorical Contest,https://www.scholarab.ca/scholarships/optimist-international-oratorical-contest/,60366,45607,12132,9593
/scholarships/orest-haydey-connie-archer-panther-auxiliary-award/,listing,Orest Haydey Connie Archer Panther Auxiliary Award,https://www.scholarab.ca/scholarships/orest-haydey-connie-archer-panther-auxiliary-award/,60153,45394,12013,9470
/scholarships/otipemisiwak-metis-government-community-based-awards/,listing,Otipemisiwak Métis Government Community-Based Awards,https://www.scholarab.ca/scholarships/otipemisiwak-metis-government-community-based-awards/,60086,45327,12411,9869
/scholarships/outstanding-student-merit-award-for-new-bhsc-students/,listing,Outstanding Student Merit Award for New BHSc Students,https://www.scholarab.ca/scholarships/outstanding-student-merit-award-for-new-bhsc-students/,58485,43726,11868,9307
/scholarships/owen-hart-foundation-awards/,listing,Owen Hart Foundation Awards,https://www.scholarab.ca/scholarships/owen-hart-foundation-awards/,57371,42612,11732,9231
/scholarships/palliser-ata-scholarship-cts-award/,listing,Palliser ATA Scholarship: CTS Award,https://www.scholarab.ca/scholarships/palliser-ata-scholarship-cts-award/,59358,44599,12036,9529
/scholarships/palliser-ata-scholarship-general-diploma-award/,listing,Palliser ATA Scholarship: General Diploma Award,https://www.scholarab.ca/scholarships/palliser-ata-scholarship-general-diploma-award/,61043,46284,12281,9770
/scholarships/pamela-jane-hardy-memorial-award/,listing,Pamela Jane Hardy Memorial Award,https://www.scholarab.ca/scholarships/pamela-jane-hardy-memorial-award/,57525,42766,11673,9143
/scholarships/parker-tobin-memorial-award/,listing,Parker Tobin Memorial Award,https://www.scholarab.ca/scholarships/parker-tobin-memorial-award/,59947,45188,12053,9544
/scholarships/parkland-county-agricultural-bursary/,listing,Parkland County Agricultural Bursary,https://www.scholarab.ca/scholarships/parkland-county-agricultural-bursary/,58830,44071,11720,9207
/scholarships/parkland-school-division-citizenship-scholarship/,listing,Parkland School Division Citizenship Scholarship,https://www.scholarab.ca/scholarships/parkland-school-division-citizenship-scholarship/,60451,45692,12173,9645
/scholarships/pat-zukowski-trades-scholarship/,listing,Pat Zukowski Trades Scholarship,https://www.scholarab.ca/scholarships/pat-zukowski-trades-scholarship/,59719,44960,11915,9415
/scholarships/pathways-to-practice-medical-education-fund/,listing,Pathways to Practice Medical Education Fund,https://www.scholarab.ca/scholarships/pathways-to-practice-medical-education-fund/,59241,44482,11892,9359
/scholarships/patricia-gau-science-scholarship/,listing,Patricia Gau Science Scholarship,https://www.scholarab.ca/scholarships/patricia-gau-science-scholarship/,57735,42976,11716,9210
/scholarships/patricia-trudeau-scholarship/,listing,Patricia Trudeau Scholarship,https://www.scholarab.ca/scholarships/patricia-trudeau-scholarship/,62653,47894,12749,10497
/scholarships/pattison-media-equity-scholarship/,listing,Pattison Media Equity Scholarship,https://www.scholarab.ca/scholarships/pattison-media-equity-scholarship/,58833,44074,11719,9194
/scholarships/pattison-media-visual-arts-scholarship/,listing,Pattison Media Visual Arts Scholarship,https://www.scholarab.ca/scholarships/pattison-media-visual-arts-scholarship/,59139,44380,11825,9269
/scholarships/paul-and-gerri-charette-bursary/,listing,Paul and Gerri Charette Bursary,https://www.scholarab.ca/scholarships/paul-and-gerri-charette-bursary/,59135,44376,11760,9226
/scholarships/paul-kane-global-languages-award/,listing,Paul Kane Global Languages Award,https://www.scholarab.ca/scholarships/paul-kane-global-languages-award/,60315,45556,12347,9835
/scholarships/paul-kane-principals-award/,listing,Paul Kane Principal's Award,https://www.scholarab.ca/scholarships/paul-kane-principals-award/,59944,45185,12179,9684
/scholarships/paul-kane-unsung-hero-scholarship/,listing,Paul Kane Unsung Hero Scholarship,https://www.scholarab.ca/scholarships/paul-kane-unsung-hero-scholarship/,60138,45379,12241,9737
/scholarships/paul-liska-agricultural-scholarship/,listing,Paul Liska Agricultural Scholarship,https://www.scholarab.ca/scholarships/paul-liska-agricultural-scholarship/,59340,44581,12075,9567
/scholarships/pcl-and-local-488-welding-flame-to-fame-scholarship/,listing,PCL and Local 488 Welding Flame to Fame Scholarship,https://www.scholarab.ca/scholarships/pcl-and-local-488-welding-flame-to-fame-scholarship/,59996,45237,12080,9560
/scholarships/peace-collaborative-services-specialist-bursary/,listing,Peace Collaborative Services Specialist Bursary,https://www.scholarab.ca/scholarships/peace-collaborative-services-specialist-bursary/,57070,42311,11530,8987
/scholarships/peace-river-agricultural-society-bursary/,listing,Peace River Agricultural Society Bursary,https://www.scholarab.ca/scholarships/peace-river-agricultural-society-bursary/,59669,44910,12173,9656
/scholarships/peace-river-school-division-student-teacher-bursary/,listing,Peace River School Division Student Teacher Bursary,https://www.scholarab.ca/scholarships/peace-river-school-division-student-teacher-bursary/,56973,42214,11443,8900
/scholarships/peggy-campbell-scholarship/,listing,Peggy Campbell Scholarship,https://www.scholarab.ca/scholarships/peggy-campbell-scholarship/,59244,44485,12033,9539
/scholarships/pembina-education-society-adult-continuing-education-bursary/,listing,Pembina Education Society Adult Continuing Education Bursary,https://www.scholarab.ca/scholarships/pembina-education-society-adult-continuing-education-bursary/,61900,47141,12522,9975
/scholarships/pembina-hills-grade-12-citizenship-award/,listing,Pembina Hills Grade 12 Citizenship Award,https://www.scholarab.ca/scholarships/pembina-hills-grade-12-citizenship-award/,59050,44291,11728,9229
/scholarships/pembina-west-co-op-scholarship-fund/,listing,Pembina West Co-op Scholarship Fund,https://www.scholarab.ca/scholarships/pembina-west-co-op-scholarship-fund/,59409,44650,11949,9471
/scholarships/pembina-west-co-op-youth-employment-initiative/,listing,Pembina West Co-op Youth Employment Initiative,https://www.scholarab.ca/scholarships/pembina-west-co-op-youth-employment-initiative/,57292,42533,11657,9137
/scholarships/peo-florence-e-taylor-charitable-scholarship-fund/,listing,PEO Florence E. Taylor Charitable Scholarship Fund,https://www.scholarab.ca/scholarships/peo-florence-e-taylor-charitable-scholarship-fund/,60011,45252,12348,9822
/scholarships/pep-award/,listing,PEP Award,https://www.scholarab.ca/scholarships/pep-award/,59334,44575,11890,9406
/scholarships/perky-mccullough-international-excellence-scholarship/,listing,Perky McCullough International Excellence Scholarship,https://www.scholarab.ca/scholarships/perky-mccullough-international-excellence-scholarship/,62104,47345,12564,10032
/scholarships/persons-case-scholarship/,listing,Persons Case Scholarship,https://www.scholarab.ca/scholarships/persons-case-scholarship/,58510,43751,11678,9136
/scholarships/pete-ketcham-memorial-scholarship/,listing,Pete Ketcham Memorial Scholarship,https://www.scholarab.ca/scholarships/pete-ketcham-memorial-scholarship/,59392,44633,12078,9581
/scholarships/petro-canada-fund-scholarship/,listing,Petro Canada Fund Scholarship,https://www.scholarab.ca/scholarships/petro-canada-fund-scholarship/,56804,42045,11430,8907
/scholarships/philip-ki-joon-oh-scholarship/,listing,Philip Ki Joon Oh Scholarship,https://www.scholarab.ca/scholarships/philip-ki-joon-oh-scholarship/,58029,43270,11782,9258
/scholarships/phoebe-spice-and-ron-wolff-award/,listing,Phoebe Spice and Ron Wolff Award,https://www.scholarab.ca/scholarships/phoebe-spice-and-ron-wolff-award/,59463,44704,12112,9599
/scholarships/pioneer-gas-co-op-achievement-award/,listing,Pioneer Gas Co-op Achievement Award,https://www.scholarab.ca/scholarships/pioneer-gas-co-op-achievement-award/,61562,46803,12437,9924
/scholarships/pioneer-homestead-bursary/,listing,Pioneer Homestead Bursary,https://www.scholarab.ca/scholarships/pioneer-homestead-bursary/,58861,44102,11707,9203
/scholarships/pirates-minor-fastball-student-award-fund/,listing,Pirates Minor Fastball Student Award Fund,https://www.scholarab.ca/scholarships/pirates-minor-fastball-student-award-fund/,59082,44323,11792,9275
/scholarships/pkhs-character-award/,listing,PKHS Character Award,https://www.scholarab.ca/scholarships/pkhs-character-award/,60091,45332,12224,9726
/scholarships/plamondon-russian-language-and-culture-scholarship/,listing,Plamondon Russian Language and Culture Scholarship,https://www.scholarab.ca/scholarships/plamondon-russian-language-and-culture-scholarship/,61446,46687,12321,9817
/scholarships/planning-for-success-engineering-award/,listing,Planning for Success Engineering Award,https://www.scholarab.ca/scholarships/planning-for-success-engineering-award/,59951,45192,11987,9477
/scholarships/plcac-student-award-program/,listing,PLCAC Student Award Program,https://www.scholarab.ca/scholarships/plcac-student-award-program/,61508,46749,12645,10119
/scholarships/ponoka-ag-society-scholarship/,listing,Ponoka Ag Society Scholarship,https://www.scholarab.ca/scholarships/ponoka-ag-society-scholarship/,56791,42032,11534,9010
/scholarships/pre-apprentice-scholarship/,listing,Pre-Apprentice Scholarship,https://www.scholarab.ca/scholarships/pre-apprentice-scholarship/,59054,44295,11754,9251
/scholarships/premiers-citizenship-award/,listing,Premier's Citizenship Award,https://www.scholarab.ca/scholarships/premiers-citizenship-award/,59894,45135,12014,9500
/scholarships/pretty-lightroom-presets-scholarship/,listing,Pretty Lightroom Presets Scholarship,https://www.scholarab.ca/scholarships/pretty-lightroom-presets-scholarship/,61152,46393,12303,9774
/scholarships/pretty-photoshop-actions-scholarship/,listing,Pretty Photoshop Actions Scholarship,https://www.scholarab.ca/scholarships/pretty-photoshop-actions-scholarship/,61254,46495,12283,9744
/scholarships/prix-de-lambassadeur-du-conseil-scolaire-centre-nord/,listing,Prix de l'Ambassadeur du Conseil scolaire Centre-Nord,https://www.scholarab.ca/scholarships/prix-de-lambassadeur-du-conseil-scolaire-centre-nord/,58158,43399,11713,9192
/scholarships/provost-district-chamber-of-commerce-scholarship/,listing,Provost & District Chamber of Commerce Scholarship,https://www.scholarab.ca/scholarships/provost-district-chamber-of-commerce-scholarship/,59189,44430,11824,9293
/scholarships/psac-scholarship-program/,listing,PSAC Scholarship Program,https://www.scholarab.ca/scholarships/psac-scholarship-program/,57180,42421,11707,9220
/scholarships/pwm-steel-scholarship/,listing,PWM Steel Scholarship,https://www.scholarab.ca/scholarships/pwm-steel-scholarship/,61985,47226,12467,9963
/scholarships/queen-elizabeth-ii-platinum-jubilee-citizenship-award/,listing,Queen Elizabeth II Platinum Jubilee Citizenship Award,https://www.scholarab.ca/scholarships/queen-elizabeth-ii-platinum-jubilee-citizenship-award/,60450,45691,12109,9570
/scholarships/queen-elizabeth-ii-silver-jubilee-endowment-fund-award/,listing,Queen Elizabeth II Silver Jubilee Endowment Fund Award,https://www.scholarab.ca/scholarships/queen-elizabeth-ii-silver-jubilee-endowment-fund-award/,57026,42267,11502,8911
/scholarships/queens-platinum-jubilee-scholarship-for-performing-arts/,listing,Queen's Platinum Jubilee Scholarship for Performing Arts,https://www.scholarab.ca/scholarships/queens-platinum-jubilee-scholarship-for-performing-arts/,60314,45555,12164,9622
/scholarships/queens-platinum-jubilee-scholarship-for-visual-arts/,listing,Queen's Platinum Jubilee Scholarship for Visual Arts,https://www.scholarab.ca/scholarships/queens-platinum-jubilee-scholarship-for-visual-arts/,59618,44859,11946,9383
/scholarships/r-j-nelson-family-foundation-scholarship/,listing,R. J. Nelson Family Foundation Scholarship,https://www.scholarab.ca/scholarships/r-j-nelson-family-foundation-scholarship/,62455,47696,12578,10039
/scholarships/rahr-malting-canada-scholarship/,listing,Rahr Malting Canada Scholarship,https://www.scholarab.ca/scholarships/rahr-malting-canada-scholarship/,59095,44336,11996,9493
/scholarships/rainer-hofmann-memorial-scholarship/,listing,Rainer Hofmann Memorial Scholarship,https://www.scholarab.ca/scholarships/rainer-hofmann-memorial-scholarship/,57595,42836,11614,9080
/scholarships/rally-engineering-indigenous-award/,listing,Rally Engineering Indigenous Award,https://www.scholarab.ca/scholarships/rally-engineering-indigenous-award/,59675,44916,12120,9602
/scholarships/ramzi-halabi-memorial-scholarship/,listing,Ramzi Halabi Memorial Scholarship,https://www.scholarab.ca/scholarships/ramzi-halabi-memorial-scholarship/,60944,46185,12310,9794
/scholarships/ranald-and-vera-shean-memorial-scholarships/,listing,Ranald and Vera Shean Memorial Scholarships,https://www.scholarab.ca/scholarships/ranald-and-vera-shean-memorial-scholarships/,57433,42674,11585,9028
/scholarships/rank-itca-college-scholarship/,listing,Rank-it.ca College Scholarship,https://www.scholarab.ca/scholarships/rank-itca-college-scholarship/,61122,46363,12308,9781
/scholarships/rapid-cash-being-royal-award/,listing,"Rapid Cash ""Being Royal"" Award",https://www.scholarab.ca/scholarships/rapid-cash-being-royal-award/,60126,45367,12299,9781
/scholarships/ray-debaji-memorial-scholarship/,listing,Ray Debaji Memorial Scholarship,https://www.scholarab.ca/scholarships/ray-debaji-memorial-scholarship/,59629,44870,11826,9324
/scholarships/ray-jolliffe-memorial-scholarship/,listing,Ray Jolliffe Memorial Scholarship,https://www.scholarab.ca/scholarships/ray-jolliffe-memorial-scholarship/,61729,46970,12513,9972
/scholarships/rbc-elevate-scholarship/,listing,RBC Elevate Scholarship,https://www.scholarab.ca/scholarships/rbc-elevate-scholarship/,59192,44433,11995,9471
/scholarships/rbc-ignite-scholarship/,listing,RBC Ignite Scholarship,https://www.scholarab.ca/scholarships/rbc-ignite-scholarship/,61411,46652,12387,9850
/scholarships/reading-university-alumni-student-award/,listing,Reading University Alumni Student Award,https://www.scholarab.ca/scholarships/reading-university-alumni-student-award/,61419,46660,12391,9880
/scholarships/red-deer/,directory,Red Deer scholarships,https://www.scholarab.ca/scholarships/red-deer/,286928,247386,35442,30869
/scholarships/red-deer-advocate-adult-re-entry-bursary/,listing,Red Deer Advocate Adult Re-Entry Bursary,https://www.scholarab.ca/scholarships/red-deer-advocate-adult-re-entry-bursary/,61793,47034,12430,9889
/scholarships/red-deer-arts-council-canada-centennial-secondary-scholarship/,listing,Red Deer Arts Council Canada Centennial Secondary Scholarship,https://www.scholarab.ca/scholarships/red-deer-arts-council-canada-centennial-secondary-scholarship/,59719,44960,11877,9325
/scholarships/red-deer-arts-council-waskasoo-bluegrass-music-scholarship/,listing,Red Deer Arts Council Waskasoo Bluegrass Music Scholarship,https://www.scholarab.ca/scholarships/red-deer-arts-council-waskasoo-bluegrass-music-scholarship/,57322,42563,11495,8949
/scholarships/red-deer-bottling-leadership-scholarship/,listing,Red Deer Bottling Leadership Scholarship,https://www.scholarab.ca/scholarships/red-deer-bottling-leadership-scholarship/,59542,44783,12151,9639
/scholarships/red-deer-catholic-grade-12-scholarship/,listing,Red Deer Catholic Grade 12 Scholarship,https://www.scholarab.ca/scholarships/red-deer-catholic-grade-12-scholarship/,59109,44350,11753,9249
/scholarships/red-deer-golf-and-country-club-centennial-scholarship/,listing,Red Deer Golf and Country Club Centennial Scholarship,https://www.scholarab.ca/scholarships/red-deer-golf-and-country-club-centennial-scholarship/,57737,42978,11666,9127
/scholarships/red-deer-polytechnic-high-school-entrance-scholarship/,listing,Red Deer Polytechnic High School Entrance Scholarship,https://www.scholarab.ca/scholarships/red-deer-polytechnic-high-school-entrance-scholarship/,59612,44853,11803,9233
/scholarships/red-deer-polytechnic-regional-access-excellence-scholarship/,listing,Red Deer Polytechnic Regional Access & Excellence Scholarship,https://www.scholarab.ca/scholarships/red-deer-polytechnic-regional-access-excellence-scholarship/,57805,43046,11684,9119
/scholarships/red-deer-polytechnic-support-staff-legacy-entrance-scholarship/,listing,Red Deer Polytechnic Support Staff Legacy Entrance Scholarship,https://www.scholarab.ca/scholarships/red-deer-polytechnic-support-staff-legacy-entrance-scholarship/,61876,47117,12425,9883
/scholarships/red-deer-regional-health-foundation-scholarship/,listing,Red Deer Regional Health Foundation Scholarship,https://www.scholarab.ca/scholarships/red-deer-regional-health-foundation-scholarship/,59134,44375,11627,9103
/scholarships/redcliff-scholarship-for-advanced-education/,listing,Redcliff Scholarship for Advanced Education,https://www.scholarab.ca/scholarships/redcliff-scholarship-for-advanced-education/,58373,43614,11770,9228
/scholarships/rellis-path-forward-scholarship/,listing,Rellis Path Forward Scholarship,https://www.scholarab.ca/scholarships/rellis-path-forward-scholarship/,59105,44346,12039,9543
/scholarships/remarkable-ram-scholarship/,listing,Remarkable Ram Scholarship,https://www.scholarab.ca/scholarships/remarkable-ram-scholarship/,59765,45006,12132,9650
/scholarships/remax-quest-for-excellence/,listing,RE/MAX Quest for Excellence,https://www.scholarab.ca/scholarships/remax-quest-for-excellence/,61837,47078,12651,10142
/scholarships/rental-housing-providers-award/,listing,Rental Housing Providers Award,https://www.scholarab.ca/scholarships/rental-housing-providers-award/,61927,47168,12527,10011
/scholarships/rex-turple-memorial-hockey-education-scholarship/,listing,Rex Turple Memorial Hockey Education Scholarship,https://www.scholarab.ca/scholarships/rex-turple-memorial-hockey-education-scholarship/,61816,47057,12434,9888
/scholarships/reynolds-academic-scholarship/,listing,Reynolds Academic Scholarship,https://www.scholarab.ca/scholarships/reynolds-academic-scholarship/,59460,44701,11806,9299
/scholarships/reynolds-vocational-scholarship/,listing,Reynolds Vocational Scholarship,https://www.scholarab.ca/scholarships/reynolds-vocational-scholarship/,59612,44853,11901,9408
/scholarships/rf-staples-school-scholarships-and-bursaries/,listing,R.F. Staples School Scholarships and Bursaries,https://www.scholarab.ca/scholarships/rf-staples-school-scholarships-and-bursaries/,57451,42692,11686,9158
/scholarships/rhine-family-award-for-cosmetology/,listing,Rhine Family Award for Cosmetology,https://www.scholarab.ca/scholarships/rhine-family-award-for-cosmetology/,59737,44978,11948,9440
/scholarships/richard-and-irma-kutzner-entrance-bursaries/,listing,Richard and Irma Kutzner Entrance Bursaries,https://www.scholarab.ca/scholarships/richard-and-irma-kutzner-entrance-bursaries/,59726,44967,12256,9715
/scholarships/richard-anderson-scholarship/,listing,Richard Anderson Scholarship,https://www.scholarab.ca/scholarships/richard-anderson-scholarship/,60129,45370,12131,9631
/scholarships/richard-creelman-access-pipeline-scholarship-award/,listing,Richard Creelman ACCESS Pipeline Scholarship Award,https://www.scholarab.ca/scholarships/richard-creelman-access-pipeline-scholarship-award/,61104,46345,12167,9660
/scholarships/richard-d-tingle-scholarship-award/,listing,Richard D. Tingle Scholarship Award,https://www.scholarab.ca/scholarships/richard-d-tingle-scholarship-award/,59880,45121,12015,9475
/scholarships/richard-r-and-linda-a-singleton-education-fund-award/,listing,Richard R. and Linda A. Singleton Education Fund Award,https://www.scholarab.ca/scholarships/richard-r-and-linda-a-singleton-education-fund-award/,59906,45147,12072,9538
/scholarships/richardson-pioneer-award/,listing,Richardson Pioneer Award,https://www.scholarab.ca/scholarships/richardson-pioneer-award/,57305,42546,11517,8993
/scholarships/rick-blight-leadership-in-action-scholarship-for-athletes/,listing,Rick Blight Leadership in Action Scholarship for Athletes,https://www.scholarab.ca/scholarships/rick-blight-leadership-in-action-scholarship-for-athletes/,60938,46179,12240,9725
/scholarships/rick-michielin-monsignor-fee-otterson-music-performing-arts-legacy-award/,listing,Rick Michielin Monsignor Fee Otterson Music Performing Arts Legacy Award,https://www.scholarab.ca/scholarships/rick-michielin-monsignor-fee-otterson-music-performing-arts-legacy-award/,57972,43213,11657,9078
/scholarships/rick-theriault-outstanding-athletic-contribution-award/,listing,Rick Theriault Outstanding Athletic Contribution Award,https://www.scholarab.ca/scholarships/rick-theriault-outstanding-athletic-contribution-award/,60483,45724,12178,9625
/scholarships/ricochet-oil-corp-scholarship-fund/,listing,Ricochet Oil Corp Scholarship Fund,https://www.scholarab.ca/scholarships/ricochet-oil-corp-scholarship-fund/,58593,43834,11587,9056
/scholarships/ringette-alberta-scholarship/,listing,Ringette Alberta Scholarship,https://www.scholarab.ca/scholarships/ringette-alberta-scholarship/,59087,44328,11799,9281
/scholarships/rising-futures-scholarship/,listing,Rising Futures Scholarship,https://www.scholarab.ca/scholarships/rising-futures-scholarship/,57234,42475,11630,9099
/scholarships/rmwb-distinguished-youth-citizenship-award/,listing,RMWB Distinguished Youth Citizenship Award,https://www.scholarab.ca/scholarships/rmwb-distinguished-youth-citizenship-award/,59680,44921,11851,9336
/scholarships/roane-family-bursary-for-queens-university/,listing,Roane Family Bursary for Queen's University,https://www.scholarab.ca/scholarships/roane-family-bursary-for-queens-university/,59875,45116,11982,9407
/scholarships/robert-allan-memorial-scholarship/,listing,Robert Allan Memorial Scholarship,https://www.scholarab.ca/scholarships/robert-allan-memorial-scholarship/,61317,46558,12356,9825
/scholarships/robert-chamney-memorial-scholarship/,listing,Robert Chamney Memorial Scholarship,https://www.scholarab.ca/scholarships/robert-chamney-memorial-scholarship/,59748,44989,11949,9418
/scholarships/robert-e-walter-memorial-scholarship/,listing,Robert E. Walter Memorial Scholarship,https://www.scholarab.ca/scholarships/robert-e-walter-memorial-scholarship/,57102,42343,11578,9022
/scholarships/robert-trimmer-sr-prize-in-science/,listing,Robert Trimmer Sr. Prize in Science,https://www.scholarab.ca/scholarships/robert-trimmer-sr-prize-in-science/,59650,44891,11863,9335
/scholarships/robyn-gray-memorial-scholarship/,listing,Robyn Gray Memorial Scholarship,https://www.scholarab.ca/scholarships/robyn-gray-memorial-scholarship/,61673,46914,12497,9965
/scholarships/rocky-view-county-4-h-scholarship/,listing,Rocky View County 4-H Scholarship,https://www.scholarab.ca/scholarships/rocky-view-county-4-h-scholarship/,59536,44777,11910,9368
/scholarships/rocky-view-county-agricultural-scholarship-at-olds-college/,listing,Rocky View County Agricultural Scholarship at Olds College,https://www.scholarab.ca/scholarships/rocky-view-county-agricultural-scholarship-at-olds-college/,62112,47353,12553,9987
/scholarships/rocky-view-teachers-scholarship/,listing,Rocky View Teachers' Scholarship,https://www.scholarab.ca/scholarships/rocky-view-teachers-scholarship/,61675,46916,12516,9978
/scholarships/rogers-broadcasting-rock-977-music-award/,listing,Rogers Broadcasting Rock 97.7 Music Award,https://www.scholarab.ca/scholarships/rogers-broadcasting-rock-977-music-award/,59299,44540,11941,9387
/scholarships/roly-anderson-memorial-scholarship/,listing,Roly Anderson Memorial Scholarship,https://www.scholarab.ca/scholarships/roly-anderson-memorial-scholarship/,58626,43867,11662,9112
/scholarships/ron-doreen-brandt-faculty-of-education-scholarship/,listing,Ron & Doreen Brandt Faculty of Education Scholarship,https://www.scholarab.ca/scholarships/ron-doreen-brandt-faculty-of-education-scholarship/,60034,45275,11938,9400
/scholarships/ron-loughlin-memorial-bursary/,listing,Ron Loughlin Memorial Bursary,https://www.scholarab.ca/scholarships/ron-loughlin-memorial-bursary/,61940,47181,12443,9939
/scholarships/ron-maclean-foundation-entrance-scholarship/,listing,Ron MacLean Foundation Entrance Scholarship,https://www.scholarab.ca/scholarships/ron-maclean-foundation-entrance-scholarship/,61729,46970,12417,9886
/scholarships/ron-pfau-memorial-scholarship/,listing,Ron Pfau Memorial Scholarship,https://www.scholarab.ca/scholarships/ron-pfau-memorial-scholarship/,59565,44806,11871,9364
/scholarships/rosalie-szuch-scholarship/,listing,Rosalie Szuch Scholarship,https://www.scholarab.ca/scholarships/rosalie-szuch-scholarship/,60328,45569,12155,9643
/scholarships/rosalind-agricultural-society-scholarship/,listing,Rosalind Agricultural Society Scholarship,https://www.scholarab.ca/scholarships/rosalind-agricultural-society-scholarship/,59340,44581,12039,9534
/scholarships/rosalind-elks-scholarship/,listing,Rosalind Elks Scholarship,https://www.scholarab.ca/scholarships/rosalind-elks-scholarship/,59116,44357,12043,9536
/scholarships/ross-glen-scholarship/,listing,Ross Glen Scholarship,https://www.scholarab.ca/scholarships/ross-glen-scholarship/,58106,43347,11844,9327
/scholarships/ross-huebner-memorial-scholarship/,listing,Ross Huebner Memorial Scholarship,https://www.scholarab.ca/scholarships/ross-huebner-memorial-scholarship/,57512,42753,11563,9048
/scholarships/rotary-career-opportunity-award/,listing,Rotary Career Opportunity Award,https://www.scholarab.ca/scholarships/rotary-career-opportunity-award/,60067,45308,11973,9441
/scholarships/rotary-club-of-camrose-scholarship/,listing,Rotary Club of Camrose Scholarship,https://www.scholarab.ca/scholarships/rotary-club-of-camrose-scholarship/,59968,45209,11890,9375
/scholarships/rotary-club-of-cochrane-u-start-bursary/,listing,Rotary Club of Cochrane U-START Bursary,https://www.scholarab.ca/scholarships/rotary-club-of-cochrane-u-start-bursary/,58066,43307,11773,9248
/scholarships/rotary-club-of-grande-prairie-scholarship/,listing,Rotary Club of Grande Prairie Scholarship,https://www.scholarab.ca/scholarships/rotary-club-of-grande-prairie-scholarship/,59577,44818,11933,9430
/scholarships/rotary-club-of-lethbridge-east-agricultural-scholarship/,listing,Rotary Club of Lethbridge East Agricultural Scholarship,https://www.scholarab.ca/scholarships/rotary-club-of-lethbridge-east-agricultural-scholarship/,62368,47609,12727,10173
/scholarships/rotary-club-of-parkland-after-dark-scholarship/,listing,Rotary Club of Parkland After Dark Scholarship,https://www.scholarab.ca/scholarships/rotary-club-of-parkland-after-dark-scholarship/,60180,45421,12034,9489
/scholarships/rotary-club-of-st-albert-scholarship/,listing,Rotary Club of St. Albert Scholarship,https://www.scholarab.ca/scholarships/rotary-club-of-st-albert-scholarship/,60524,45765,12336,9820
/scholarships/rotary-club-of-st-albert-service-above-self-award/,listing,Rotary Club of St. Albert Service Above Self Award,https://www.scholarab.ca/scholarships/rotary-club-of-st-albert-service-above-self-award/,60550,45791,12302,9758
/scholarships/rotary-club-of-st-albert-stephen-barr-memorial-award/,listing,Rotary Club of St. Albert Stephen Barr Memorial Award,https://www.scholarab.ca/scholarships/rotary-club-of-st-albert-stephen-barr-memorial-award/,62281,47522,12533,9998
/scholarships/rotary-club-of-stony-plain-volunteer-award/,listing,Rotary Club of Stony Plain Volunteer Award,https://www.scholarab.ca/scholarships/rotary-club-of-stony-plain-volunteer-award/,57750,42991,11606,9070
/scholarships/rotary-club-of-sylvan-lake-scholarship/,listing,Rotary Club of Sylvan Lake Scholarship,https://www.scholarab.ca/scholarships/rotary-club-of-sylvan-lake-scholarship/,57159,42400,11580,9031
/scholarships/rouse-family-relentless-award/,listing,Rouse Family Relentless Award,https://www.scholarab.ca/scholarships/rouse-family-relentless-award/,57071,42312,11596,9074
/scholarships/royal-canadian-legion-branch-169-boyle-bursary/,listing,Royal Canadian Legion Branch #169 Boyle Bursary,https://www.scholarab.ca/scholarships/royal-canadian-legion-branch-169-boyle-bursary/,59234,44475,12067,9537
/scholarships/royal-canadian-legion-branch-288-scholarship/,listing,Royal Canadian Legion Branch 288 Scholarship,https://www.scholarab.ca/scholarships/royal-canadian-legion-branch-288-scholarship/,59148,44389,11819,9267
/scholarships/royal-canadian-legion-branch-54-bursary/,listing,Royal Canadian Legion Branch 54 Bursary,https://www.scholarab.ca/scholarships/royal-canadian-legion-branch-54-bursary/,59205,44446,11876,9353
/scholarships/royal-canadian-legion-branch-bursary-wetaskiwin/,listing,Royal Canadian Legion Branch Bursary (Wetaskiwin),https://www.scholarab.ca/scholarships/royal-canadian-legion-branch-bursary-wetaskiwin/,57321,42562,11520,8970
/scholarships/royal-canadian-legion-bursary-lacombe/,listing,Royal Canadian Legion Bursary (Lacombe),https://www.scholarab.ca/scholarships/royal-canadian-legion-bursary-lacombe/,60659,45900,12390,9872
/scholarships/royal-canadian-legion-lacombe-award/,listing,Royal Canadian Legion (Lacombe) Award,https://www.scholarab.ca/scholarships/royal-canadian-legion-lacombe-award/,62200,47441,12518,10010
/scholarships/royal-canadian-legion-ladies-auxiliary-ab-nwt-bursary/,listing,Royal Canadian Legion Ladies Auxiliary AB-NWT Bursary,https://www.scholarab.ca/scholarships/royal-canadian-legion-ladies-auxiliary-ab-nwt-bursary/,60414,45655,12057,9484
/scholarships/royal-canadian-legion-ladies-auxiliary-leadership-award/,listing,Royal Canadian Legion Ladies Auxiliary Leadership Award,https://www.scholarab.ca/scholarships/royal-canadian-legion-ladies-auxiliary-leadership-award/,62581,47822,12633,10089
/scholarships/royal-canadian-legion-mirror-poppy-sales-bursary/,listing,Royal Canadian Legion Mirror Poppy Sales Bursary,https://www.scholarab.ca/scholarships/royal-canadian-legion-mirror-poppy-sales-bursary/,61214,46455,12239,9703
/scholarships/rudy-berger-memorial-scholarship/,listing,Rudy Berger Memorial Scholarship,https://www.scholarab.ca/scholarships/rudy-berger-memorial-scholarship/,57274,42515,11604,9074
/scholarships/rugged-and-real-scholarship/,listing,Rugged and Real Scholarship,https://www.scholarab.ca/scholarships/rugged-and-real-scholarship/,59082,44323,11976,9467
/scholarships/rural-municipalities-of-alberta-post-secondary-scholarship/,listing,Rural Municipalities of Alberta Post-Secondary Scholarship,https://www.scholarab.ca/scholarships/rural-municipalities-of-alberta-post-secondary-scholarship/,59629,44870,12187,9672
/scholarships/ruth-pratt-memorial-bursary/,listing,Ruth Pratt Memorial Bursary,https://www.scholarab.ca/scholarships/ruth-pratt-memorial-bursary/,59055,44296,11961,9452
/scholarships/ruth-ursula-leipziger-scholarship/,listing,Ruth Ursula Leipziger Scholarship,https://www.scholarab.ca/scholarships/ruth-ursula-leipziger-scholarship/,60160,45401,12126,9587
/scholarships/rutherford-scholar-award/,listing,Rutherford Scholar Award,https://www.scholarab.ca/scholarships/rutherford-scholar-award/,58579,43820,11593,9073
/scholarships/ryan-burak-memorial-award/,listing,Ryan Burak Memorial Award,https://www.scholarab.ca/scholarships/ryan-burak-memorial-award/,60024,45265,12257,9751
/scholarships/ryan-henderson-memorial-entrance-award/,listing,Ryan Henderson Memorial Entrance Award,https://www.scholarab.ca/scholarships/ryan-henderson-memorial-entrance-award/,57649,42890,11574,9025
/scholarships/ryder-ferguson-memorial-scholarship/,listing,Ryder Ferguson Memorial Scholarship,https://www.scholarab.ca/scholarships/ryder-ferguson-memorial-scholarship/,59866,45107,11975,9440
/scholarships/sacred-heart-hospital-auxiliary-bursary/,listing,Sacred Heart Hospital Auxiliary Bursary,https://www.scholarab.ca/scholarships/sacred-heart-hospital-auxiliary-bursary/,57305,42546,11629,9083
/scholarships/saddle-hills-county-student-bursary/,listing,Saddle Hills County Student Bursary,https://www.scholarab.ca/scholarships/saddle-hills-county-student-bursary/,61697,46938,12545,10032
/scholarships/saddle-hills-county-veterinary-education-bursary/,listing,Saddle Hills County Veterinary Education Bursary,https://www.scholarab.ca/scholarships/saddle-hills-county-veterinary-education-bursary/,61537,46778,12438,9893
/scholarships/sadiq-scholarship-for-emerging-newcomers-fund/,listing,Sadiq Scholarship for Emerging Newcomers Fund,https://www.scholarab.ca/scholarships/sadiq-scholarship-for-emerging-newcomers-fund/,59412,44653,11940,9405
/scholarships/sally-hansen-memorial-commerce-award/,listing,Sally Hansen Memorial Commerce Award,https://www.scholarab.ca/scholarships/sally-hansen-memorial-commerce-award/,59524,44765,12079,9560
/scholarships/sam-bull-memorial-scholarship/,listing,Sam Bull Memorial Scholarship,https://www.scholarab.ca/scholarships/sam-bull-memorial-scholarship/,61279,46520,12314,9809
/scholarships/samaritan-club-scholarship/,listing,Samaritan Club Scholarship,https://www.scholarab.ca/scholarships/samaritan-club-scholarship/,58044,43285,11745,9222
/scholarships/samaritan-club-scholarship-for-discovering-choices/,listing,Samaritan Club Scholarship for Discovering Choices,https://www.scholarab.ca/scholarships/samaritan-club-scholarship-for-discovering-choices/,60670,45911,12188,9661
/scholarships/sandra-b-woitas-opportunity-through-education-scholarship/,listing,Sandra B. Woitas Opportunity Through Education Scholarship,https://www.scholarab.ca/scholarships/sandra-b-woitas-opportunity-through-education-scholarship/,59546,44787,11893,9337
/scholarships/sandra-jeffrey-memorial-scholarship/,listing,Sandra Jeffrey Memorial Scholarship,https://www.scholarab.ca/scholarships/sandra-jeffrey-memorial-scholarship/,59308,44549,11922,9400
/scholarships/sandy-and-carl-krenning-culinary-fund/,listing,Sandy and Carl Krenning Culinary Fund,https://www.scholarab.ca/scholarships/sandy-and-carl-krenning-culinary-fund/,59698,44939,11905,9396
/scholarships/sarah-joan-alward-bursary/,listing,Sarah Joan Alward Bursary,https://www.scholarab.ca/scholarships/sarah-joan-alward-bursary/,61390,46631,12415,9909
/scholarships/sargent-community-scholarship/,listing,Sargent Community Scholarship,https://www.scholarab.ca/scholarships/sargent-community-scholarship/,62041,47282,12488,9974
/scholarships/savard-family-scholarship/,listing,Savard Family Scholarship,https://www.scholarab.ca/scholarships/savard-family-scholarship/,59293,44534,12110,9606
/scholarships/scarborough-trophy/,listing,Scarborough Trophy,https://www.scholarab.ca/scholarships/scarborough-trophy/,57303,42544,11518,8994
/scholarships/school-sport-alberta-milk-scholarship/,listing,School Sport Alberta Milk Scholarship,https://www.scholarab.ca/scholarships/school-sport-alberta-milk-scholarship/,58846,44087,11783,9265
/scholarships/school-sport-alberta-pay-it-forward-scholarship/,listing,School Sport Alberta Pay It Forward Scholarship,https://www.scholarab.ca/scholarships/school-sport-alberta-pay-it-forward-scholarship/,59880,45121,11939,9411
/scholarships/schulich-leader-scholarships/,listing,Schulich Leader Scholarships,https://www.scholarab.ca/scholarships/schulich-leader-scholarships/,57953,43194,11735,9201
/scholarships/scotiabank-indigenous-education-awards/,listing,Scotiabank Indigenous Education Awards,https://www.scholarab.ca/scholarships/scotiabank-indigenous-education-awards/,59795,45036,12156,9646
/scholarships/scotiabank-x-myblueprint-scholarships/,listing,Scotiabank x myBlueprint Scholarships,https://www.scholarab.ca/scholarships/scotiabank-x-myblueprint-scholarships/,56698,41939,11519,8965
/scholarships/scott-maceachern-memorial-scholarship/,listing,Scott MacEachern Memorial Scholarship,https://www.scholarab.ca/scholarships/scott-maceachern-memorial-scholarship/,59783,45024,11926,9402
/scholarships/scott-sullivan-endowment-award/,listing,Scott Sullivan Endowment Award,https://www.scholarab.ca/scholarships/scott-sullivan-endowment-award/,61539,46780,12421,9913
/scholarships/scouts-canada-scholarship-program/,listing,Scouts Canada Scholarship Program,https://www.scholarab.ca/scholarships/scouts-canada-scholarship-program/,58967,44208,11860,9338
/scholarships/sean-bevington-memorial-award/,listing,Sean Bevington Memorial Award,https://www.scholarab.ca/scholarships/sean-bevington-memorial-award/,56488,41729,11345,8805
/scholarships/sean-smith-memorial-scholarship/,listing,Sean Smith Memorial Scholarship,https://www.scholarab.ca/scholarships/sean-smith-memorial-scholarship/,59495,44736,11888,9350
/scholarships/sebastian-m-aninger-scholarship/,listing,Sebastian M. Aninger Scholarship,https://www.scholarab.ca/scholarships/sebastian-m-aninger-scholarship/,61131,46372,12349,9851
/scholarships/seed-smart-scholarship/,listing,Seed Smart Scholarship,https://www.scholarab.ca/scholarships/seed-smart-scholarship/,59073,44314,11996,9513
/scholarships/senator-james-gladstone-memorial-scholarship/,listing,Senator James Gladstone Memorial Scholarship,https://www.scholarab.ca/scholarships/senator-james-gladstone-memorial-scholarship/,61596,46837,12427,9890
/scholarships/senator-patrick-burns-legacy-scholarship/,listing,Senator Patrick Burns Legacy Scholarship,https://www.scholarab.ca/scholarships/senator-patrick-burns-legacy-scholarship/,59248,44489,11752,9248
/scholarships/serge-lopushinsky-memorial-scholarship/,listing,Serge Lopushinsky Memorial Scholarship,https://www.scholarab.ca/scholarships/serge-lopushinsky-memorial-scholarship/,62341,47582,12592,10058
/scholarships/servicemaster-clean-of-edmonton-community-service-award/,listing,ServiceMaster Clean of Edmonton Community Service Award,https://www.scholarab.ca/scholarships/servicemaster-clean-of-edmonton-community-service-award/,60238,45479,11994,9463
/scholarships/servus-credit-union-young-adult-scholarship/,listing,Servus Credit Union Young Adult Scholarship,https://www.scholarab.ca/scholarships/servus-credit-union-young-adult-scholarship/,59350,44591,11770,9250
/scholarships/sexsmith-citizens-on-patrol-student-award-fund/,listing,Sexsmith Citizens on Patrol Student Award Fund,https://www.scholarab.ca/scholarships/sexsmith-citizens-on-patrol-student-award-fund/,59118,44359,11765,9242
/scholarships/sharon-saunders-memorial-award/,listing,Sharon Saunders Memorial Award,https://www.scholarab.ca/scholarships/sharon-saunders-memorial-award/,57569,42810,11563,9049
/scholarships/shayne-h-page-memorial-scholarship/,listing,Shayne H. Page Memorial Scholarship,https://www.scholarab.ca/scholarships/shayne-h-page-memorial-scholarship/,60237,45478,12298,9776
/scholarships/shea-family-education-award/,listing,Shea Family Education Award,https://www.scholarab.ca/scholarships/shea-family-education-award/,59124,44365,11799,9273
/scholarships/shea-lynn-mcgaw-be-strong-never-give-up-award/,listing,Shea-Lynn McGaw Be Strong Never Give Up Award,https://www.scholarab.ca/scholarships/shea-lynn-mcgaw-be-strong-never-give-up-award/,62618,47859,12773,10195
/scholarships/shelagh-neary-mikulak-memorial-scholarship-for-leadership-and-innovation-in-library-sciences/,listing,Shelagh Neary Mikulak Memorial Scholarship for Leadership and Innovation in Library Sciences,https://www.scholarab.ca/scholarships/shelagh-neary-mikulak-memorial-scholarship-for-leadership-and-innovation-in-library-sciences/,60082,45323,11987,9410
/scholarships/sherwood-park/,directory,Sherwood Park scholarships,https://www.scholarab.ca/scholarships/sherwood-park/,114099,91403,20162,17042
/scholarships/sherwood-park-elks-scholarship/,listing,Sherwood Park Elks Scholarship,https://www.scholarab.ca/scholarships/sherwood-park-elks-scholarship/,61568,46809,12374,9866
/scholarships/sherwood-park-rotary-club-scholarship/,listing,Sherwood Park Rotary Club Scholarship,https://www.scholarab.ca/scholarships/sherwood-park-rotary-club-scholarship/,59791,45032,11876,9367
/scholarships/shiloh-chiropractic-clinic-sports-medicine-award/,listing,Shiloh Chiropractic Clinic Sports Medicine Award,https://www.scholarab.ca/scholarships/shiloh-chiropractic-clinic-sports-medicine-award/,59086,44327,11790,9256
/scholarships/shirley-brauer-award-for-women-in-science/,listing,Shirley Brauer Award for Women in Science,https://www.scholarab.ca/scholarships/shirley-brauer-award-for-women-in-science/,62258,47499,12562,10027
/scholarships/simonson-family-education-fund/,listing,Simonson Family Education Fund,https://www.scholarab.ca/scholarships/simonson-family-education-fund/,59509,44750,11877,9365
/scholarships/skills-canada-alberta-terry-cooke-legacy-scholarship/,listing,Skills Canada Alberta Terry Cooke Legacy Scholarship,https://www.scholarab.ca/scholarships/skills-canada-alberta-terry-cooke-legacy-scholarship/,59604,44845,11889,9348
/scholarships/smacna-ab-scholarship-program/,listing,SMACNA-AB Scholarship Program,https://www.scholarab.ca/scholarships/smacna-ab-scholarship-program/,59127,44368,11788,9284
/scholarships/small-town-big-dreams-scholarship/,listing,"Small Town, Big Dreams Scholarship",https://www.scholarab.ca/scholarships/small-town-big-dreams-scholarship/,58868,44109,11684,9129
/scholarships/smart-photography-positive-contribution-award/,listing,Smart Photography Positive Contribution Award,https://www.scholarab.ca/scholarships/smart-photography-positive-contribution-award/,59702,44943,11909,9381
/scholarships/smart-photography-scholarship/,listing,Smart Photography Scholarship,https://www.scholarab.ca/scholarships/smart-photography-scholarship/,57604,42845,11704,9181
/scholarships/smiles-thru-lindsey-women-in-aviation-award/,listing,Smiles Thru Lindsey Women in Aviation Award,https://www.scholarab.ca/scholarships/smiles-thru-lindsey-women-in-aviation-award/,57450,42691,11683,9144
/scholarships/smillie-family-education-award/,listing,Smillie Family Education Award,https://www.scholarab.ca/scholarships/smillie-family-education-award/,59386,44627,11917,9398
/scholarships/sobeys-scholarship/,listing,Sobeys Scholarship,https://www.scholarab.ca/scholarships/sobeys-scholarship/,57720,42961,11667,9149
/scholarships/sons-of-norway-audrey-frieman-memorial-art-scholarship/,listing,Sons of Norway Audrey Frieman Memorial Art Scholarship,https://www.scholarab.ca/scholarships/sons-of-norway-audrey-frieman-memorial-art-scholarship/,60030,45271,12034,9483
/scholarships/south-country-co-op-scholarship/,listing,South Country Co-op Scholarship,https://www.scholarab.ca/scholarships/south-country-co-op-scholarship/,59459,44700,12112,9630
/scholarships/southeastern-alberta-regional-science-fair-award/,listing,Southeastern Alberta Regional Science Fair Award,https://www.scholarab.ca/scholarships/southeastern-alberta-regional-science-fair-award/,61790,47031,12456,9924
/scholarships/spartan-controls-indigenous-power-engineering-award/,listing,Spartan Controls Indigenous Power Engineering Award,https://www.scholarab.ca/scholarships/spartan-controls-indigenous-power-engineering-award/,61697,46938,12320,9813
/scholarships/spartan-controls-power-engineering-award/,listing,Spartan Controls Power Engineering Award,https://www.scholarab.ca/scholarships/spartan-controls-power-engineering-award/,61471,46712,12252,9758
/scholarships/specef-corporate-partnered-scholarships/,listing,SPECEF Corporate Partnered Scholarships,https://www.scholarab.ca/scholarships/specef-corporate-partnered-scholarships/,59428,44669,12095,9564
/scholarships/specef-general-scholarship/,listing,SPECEF General Scholarship,https://www.scholarab.ca/scholarships/specef-general-scholarship/,59288,44529,12074,9564
/scholarships/spina-bifida-and-hydrocephalus-association-bursary/,listing,Spina Bifida and Hydrocephalus Association Bursary,https://www.scholarab.ca/scholarships/spina-bifida-and-hydrocephalus-association-bursary/,58972,44213,11755,9179
/scholarships/spirit-of-bchs-citizenship-award/,listing,Spirit of BCHS Citizenship Award,https://www.scholarab.ca/scholarships/spirit-of-bchs-citizenship-award/,59657,44898,11868,9333
/scholarships/sports/,directory,Athletic scholarships in Alberta,https://www.scholarab.ca/scholarships/sports/,256871,221699,37692,33237
/scholarships/spruce-grove/,directory,Spruce Grove scholarships,https://www.scholarab.ca/scholarships/spruce-grove/,133106,108731,22759,19513
/scholarships/spruce-grove-and-district-agricultural-heritage-society-student-scholarship/,listing,Spruce Grove and District Agricultural Heritage Society Student Scholarship,https://www.scholarab.ca/scholarships/spruce-grove-and-district-agricultural-heritage-society-student-scholarship/,61159,46400,12439,9882
/scholarships/spruce-grove-chamber-of-commerce-award/,listing,Spruce Grove Chamber of Commerce Award,https://www.scholarab.ca/scholarships/spruce-grove-chamber-of-commerce-award/,58003,43244,11685,9157
/scholarships/st-albert/,directory,St. Albert scholarships,https://www.scholarab.ca/scholarships/st-albert/,180020,152480,29151,25647
/scholarships/st-albert-breakfast-lions-club-we-serve-award/,listing,St. Albert Breakfast Lions Club We Serve Award,https://www.scholarab.ca/scholarships/st-albert-breakfast-lions-club-we-serve-award/,62285,47526,12543,9993
/scholarships/st-albert-cosmopolitan-club-art-nixon-construction-and-fabrication-award/,listing,St. Albert Cosmopolitan Club Art Nixon Construction and Fabrication Award,https://www.scholarab.ca/scholarships/st-albert-cosmopolitan-club-art-nixon-construction-and-fabrication-award/,62910,48151,12586,10058
/scholarships/st-albert-cosmopolitan-club-joe-may-poetry-award-of-excellence/,listing,St. Albert Cosmopolitan Club Joe May Poetry Award of Excellence,https://www.scholarab.ca/scholarships/st-albert-cosmopolitan-club-joe-may-poetry-award-of-excellence/,62577,47818,12578,10023
/scholarships/st-albert-host-lions-club-legacy-award/,listing,St. Albert Host Lions Club Legacy Award,https://www.scholarab.ca/scholarships/st-albert-host-lions-club-legacy-award/,62200,47441,12562,10031
/scholarships/st-albert-legion-poppy-fund-bursary/,listing,St. Albert Legion Poppy Fund Bursary,https://www.scholarab.ca/scholarships/st-albert-legion-poppy-fund-bursary/,57703,42944,11614,9071
/scholarships/st-albert-minor-hockey-scholarship/,listing,St. Albert Minor Hockey Scholarship,https://www.scholarab.ca/scholarships/st-albert-minor-hockey-scholarship/,57681,42922,11576,9082
/scholarships/st-albert-teachers-association-education-award/,listing,St. Albert Teachers' Association Education Award,https://www.scholarab.ca/scholarships/st-albert-teachers-association-education-award/,57782,43023,11562,9033
/scholarships/st-albert-young-artist-legacy-award/,listing,St. Albert Young Artist Legacy Award,https://www.scholarab.ca/scholarships/st-albert-young-artist-legacy-award/,58188,43429,11866,9340
/scholarships/st-basils-catholic-womens-league-grade-12-scholarship/,listing,St. Basil's Catholic Women's League Grade 12 Scholarship,https://www.scholarab.ca/scholarships/st-basils-catholic-womens-league-grade-12-scholarship/,62473,47714,12606,10040
/scholarships/st-oscar-romero-grade-10-student-award/,listing,St. Oscar Romero Grade 10 Student Award,https://www.scholarab.ca/scholarships/st-oscar-romero-grade-10-student-award/,57849,43090,11581,9070
/scholarships/st-oscar-romero-grade-11-student-award/,listing,St. Oscar Romero Grade 11 Student Award,https://www.scholarab.ca/scholarships/st-oscar-romero-grade-11-student-award/,57873,43114,11616,9104
/scholarships/st-paul-dodge-scholarship/,listing,St. Paul Dodge Scholarship,https://www.scholarab.ca/scholarships/st-paul-dodge-scholarship/,61538,46779,12446,9949
/scholarships/st-paul-education-local-scholarships/,listing,St. Paul Education Local Scholarships,https://www.scholarab.ca/scholarships/st-paul-education-local-scholarships/,59567,44808,12070,9539
/scholarships/st-paul-legion-scholarship/,listing,St. Paul Legion Scholarship,https://www.scholarab.ca/scholarships/st-paul-legion-scholarship/,58971,44212,11973,9482
/scholarships/st-paul-poppy-area-scholarship/,listing,St. Paul Poppy Area Scholarship,https://www.scholarab.ca/scholarships/st-paul-poppy-area-scholarship/,61109,46350,12337,9819
/scholarships/stan-and-gladys-hambly-scholarship/,listing,Stan and Gladys Hambly Scholarship,https://www.scholarab.ca/scholarships/stan-and-gladys-hambly-scholarship/,59539,44780,11855,9345
/scholarships/stanley-dennis-we-believe-in-you-award/,listing,Stanley Dennis We Believe In You Award,https://www.scholarab.ca/scholarships/stanley-dennis-we-believe-in-you-award/,62719,47960,12678,10403
/scholarships/stanley-haroun-award/,listing,Stanley Haroun Award,https://www.scholarab.ca/scholarships/stanley-haroun-award/,62021,47262,12546,10039
/scholarships/starland-county-leaders-of-tomorrow-scholarship/,listing,Starland County Leaders of Tomorrow Scholarship,https://www.scholarab.ca/scholarships/starland-county-leaders-of-tomorrow-scholarship/,61279,46520,12393,9879
/scholarships/stavely-education-foundation-scholarships/,listing,Stavely Education Foundation Scholarships,https://www.scholarab.ca/scholarships/stavely-education-foundation-scholarships/,61469,46710,12342,9816
/scholarships/stem/,directory,STEM scholarships in Alberta,https://www.scholarab.ca/scholarships/stem/,375708,328861,49369,43623
/scholarships/stephen-wack-confidence-to-follow-your-heart-award/,listing,Stephen Wack Confidence to Follow Your Heart Award,https://www.scholarab.ca/scholarships/stephen-wack-confidence-to-follow-your-heart-award/,62807,48048,12757,10484
/scholarships/steven-irving-memorial-music-scholarship/,listing,Steven Irving Memorial Music Scholarship,https://www.scholarab.ca/scholarships/steven-irving-memorial-music-scholarship/,60339,45580,12096,9579
/scholarships/steven-phillips-sportsmanship-memorial-award/,listing,Steven Phillips Sportsmanship Memorial Award,https://www.scholarab.ca/scholarships/steven-phillips-sportsmanship-memorial-award/,57692,42933,11591,9063
/scholarships/stewart-art-scholarship/,listing,Stewart Art Scholarship,https://www.scholarab.ca/scholarships/stewart-art-scholarship/,61944,47185,12591,10056
/scholarships/stony-plain-lions-award-for-improvement/,listing,Stony Plain Lions Award for Improvement,https://www.scholarab.ca/scholarships/stony-plain-lions-award-for-improvement/,58115,43356,11777,9249
/scholarships/stony-plain-lions-legacy-scholarship-fund/,listing,Stony Plain Lions Legacy Scholarship Fund,https://www.scholarab.ca/scholarships/stony-plain-lions-legacy-scholarship-fund/,59992,45233,11986,9460
/scholarships/stony-plain-royal-canadian-legion-bursary/,listing,Stony Plain Royal Canadian Legion Bursary,https://www.scholarab.ca/scholarships/stony-plain-royal-canadian-legion-bursary/,59724,44965,11917,9376
/scholarships/stony-plain-tirecraft-mechanics-award/,listing,Stony Plain TireCraft Mechanics Award,https://www.scholarab.ca/scholarships/stony-plain-tirecraft-mechanics-award/,59299,44540,11964,9415
/scholarships/storm-stay-in-school-junior-a-hockey-scholarship-fund/,listing,Storm Stay in School Junior A Hockey Scholarship Fund,https://www.scholarab.ca/scholarships/storm-stay-in-school-junior-a-hockey-scholarship-fund/,59323,44564,11856,9308
/scholarships/storwell-self-storage-foster-children-bursary-fund/,listing,Storwell Self Storage Foster Children Bursary Fund,https://www.scholarab.ca/scholarships/storwell-self-storage-foster-children-bursary-fund/,59527,44768,12125,9593
/scholarships/stringam-law-scholarship/,listing,Stringam Law Scholarship,https://www.scholarab.ca/scholarships/stringam-law-scholarship/,61025,46266,12296,9781
/scholarships/striving-for-nursing-excellence-bursary/,listing,Striving for Nursing Excellence Bursary,https://www.scholarab.ca/scholarships/striving-for-nursing-excellence-bursary/,59458,44699,11942,9437
/scholarships/stuck-at-prom-scholarship/,listing,Stuck at Prom Scholarship,https://www.scholarab.ca/scholarships/stuck-at-prom-scholarship/,59289,44530,11921,9387
/scholarships/student-council-citizenship-and-extra-curricular-scholarship/,listing,Student Council Citizenship and Extra Curricular Scholarship,https://www.scholarab.ca/scholarships/student-council-citizenship-and-extra-curricular-scholarship/,57896,43137,11600,9045
/scholarships/students-association-of-keyano-college-awards/,listing,Students' Association of Keyano College Awards,https://www.scholarab.ca/scholarships/students-association-of-keyano-college-awards/,59699,44940,11991,9460
/scholarships/suncor-energy-rick-george-leadership-award/,listing,Suncor Energy Rick George Leadership Award,https://www.scholarab.ca/scholarships/suncor-energy-rick-george-leadership-award/,61847,47088,12482,9947
/scholarships/sunny-94-scholarship/,listing,Sunny 94 Scholarship,https://www.scholarab.ca/scholarships/sunny-94-scholarship/,61872,47113,12525,10005
/scholarships/sunrise-rotary-career-development-scholarship/,listing,Sunrise Rotary Career Development Scholarship,https://www.scholarab.ca/scholarships/sunrise-rotary-career-development-scholarship/,59969,45210,11905,9358
/scholarships/sunshine-coast-health-centre-scholarship/,listing,Sunshine Coast Health Centre Scholarship,https://www.scholarab.ca/scholarships/sunshine-coast-health-centre-scholarship/,61695,46936,12432,9908
/scholarships/supply-build-canada-member-education-awards/,listing,Supply-Build Canada Member Education Awards,https://www.scholarab.ca/scholarships/supply-build-canada-member-education-awards/,58870,44111,11729,9180
/scholarships/supply-build-canada-rising-star-awards/,listing,Supply-Build Canada Rising Star Awards,https://www.scholarab.ca/scholarships/supply-build-canada-rising-star-awards/,59269,44510,11964,9413
/scholarships/support-our-troops-national-scholarship-program/,listing,Support Our Troops National Scholarship Program,https://www.scholarab.ca/scholarships/support-our-troops-national-scholarship-program/,59527,44768,12004,9466
/scholarships/swan-city-breakfast-lions-club-fund/,listing,Swan City Breakfast Lions Club Fund,https://www.scholarab.ca/scholarships/swan-city-breakfast-lions-club-fund/,58943,44184,11809,9290
/scholarships/swan-city-rotary-club-community-service-above-self-fund/,listing,Swan City Rotary Club Community Service Above Self Fund,https://www.scholarab.ca/scholarships/swan-city-rotary-club-community-service-above-self-fund/,59375,44616,11869,9317
/scholarships/syncrude-canada-marjorie-sullivan-award/,listing,Syncrude Canada Marjorie Sullivan Award,https://www.scholarab.ca/scholarships/syncrude-canada-marjorie-sullivan-award/,61744,46985,12523,9978
/scholarships/synergy-credit-union-office-technology-scholarship/,listing,Synergy Credit Union Office Technology Scholarship,https://www.scholarab.ca/scholarships/synergy-credit-union-office-technology-scholarship/,62510,47751,12585,10034
/scholarships/synergy-credit-union-trade-technology-scholarship/,listing,Synergy Credit Union Trade Technology Scholarship,https://www.scholarab.ca/scholarships/synergy-credit-union-trade-technology-scholarship/,62362,47603,12554,10038
/scholarships/tanner-montana-outstanding-human-kindness-award/,listing,Tanner Montana Outstanding Human Kindness Award,https://www.scholarab.ca/scholarships/tanner-montana-outstanding-human-kindness-award/,57627,42868,11695,9168
/scholarships/tc-energy-stem-trades-scholarships/,listing,TC Energy STEM & Trades Scholarships,https://www.scholarab.ca/scholarships/tc-energy-stem-trades-scholarships/,59301,44542,11893,9347
/scholarships/td-4-h-agriculture-scholarship/,listing,TD 4-H Agriculture Scholarship,https://www.scholarab.ca/scholarships/td-4-h-agriculture-scholarship/,56851,42092,11366,8836
/scholarships/td-canada-trust-lchs-agriculture-scholarship/,listing,TD Canada Trust LCHS Agriculture Scholarship,https://www.scholarab.ca/scholarships/td-canada-trust-lchs-agriculture-scholarship/,62218,47459,12532,10010
/scholarships/td-scholarship-for-indigenous-peoples/,listing,TD Scholarship for Indigenous Peoples,https://www.scholarab.ca/scholarships/td-scholarship-for-indigenous-peoples/,57296,42537,11620,9084
/scholarships/td-scholarships-for-community-leadership/,listing,TD Scholarships for Community Leadership,https://www.scholarab.ca/scholarships/td-scholarships-for-community-leadership/,60586,45427,12144,9557
/scholarships/techmation-trades-scholarship/,listing,Techmation Trades Scholarship,https://www.scholarab.ca/scholarships/techmation-trades-scholarship/,59593,44834,11879,9369
/scholarships/teck-courageous-leadership-scholarship/,listing,TECK Courageous Leadership Scholarship,https://www.scholarab.ca/scholarships/teck-courageous-leadership-scholarship/,59209,44450,12064,9567
/scholarships/ted-rogers-legacy-scholarship/,listing,Ted Rogers Legacy Scholarship,https://www.scholarab.ca/scholarships/ted-rogers-legacy-scholarship/,57145,42386,11610,9064
/scholarships/teenagers-against-drinking-driving-tadd-award/,listing,Teenagers Against Drinking & Driving (T.A.D.D.) Award,https://www.scholarab.ca/scholarships/teenagers-against-drinking-driving-tadd-award/,60266,45507,12133,9570
/scholarships/terry-allen-leadership-award/,listing,Terry Allen Leadership Award,https://www.scholarab.ca/scholarships/terry-allen-leadership-award/,57867,43108,11747,9213
/scholarships/terry-fox-humanitarian-award/,listing,Terry Fox Humanitarian Award,https://www.scholarab.ca/scholarships/terry-fox-humanitarian-award/,58985,44226,11750,9225
/scholarships/the-excellence-award/,listing,The Excellence Award,https://www.scholarab.ca/scholarships/the-excellence-award/,57371,42612,11564,9056
/scholarships/the-jack-siebenga-memorial-scholarship/,listing,The Jack Siebenga Memorial Scholarship,https://www.scholarab.ca/scholarships/the-jack-siebenga-memorial-scholarship/,59122,44363,11795,9262
/scholarships/the-kings-university-admission-scholarships/,listing,The King's University Admission Scholarships,https://www.scholarab.ca/scholarships/the-kings-university-admission-scholarships/,57354,42595,11558,9028
/scholarships/the-kings-university-competitive-awards-for-incoming-students/,listing,The King's University Competitive Awards for Incoming Students,https://www.scholarab.ca/scholarships/the-kings-university-competitive-awards-for-incoming-students/,57858,43099,11780,9239
/scholarships/the-kings-university-returning-student-awards/,listing,The King's University Returning Student Awards,https://www.scholarab.ca/scholarships/the-kings-university-returning-student-awards/,59642,44883,11947,9416
/scholarships/thomas-miller-memorial-award/,listing,Thomas Miller Memorial Award,https://www.scholarab.ca/scholarships/thomas-miller-memorial-award/,59381,44622,12067,9559
/scholarships/thomas-moore-memorial-bursary/,listing,Thomas Moore Memorial Bursary,https://www.scholarab.ca/scholarships/thomas-moore-memorial-bursary/,59537,44778,12008,9478
/scholarships/thomas-walter-morrish-memorial-scholarship/,listing,Thomas Walter Morrish Memorial Scholarship,https://www.scholarab.ca/scholarships/thomas-walter-morrish-memorial-scholarship/,60014,45255,12056,9515
/scholarships/thornerjohnstondimarzo-family-new-immigrant-bursary/,listing,Thorner/Johnston/DiMarzo Family New Immigrant Bursary,https://www.scholarab.ca/scholarships/thornerjohnstondimarzo-family-new-immigrant-bursary/,59773,45014,12036,9494
/scholarships/three-m-shopping-centre-business-administration-program-award/,listing,Three M Shopping Centre Business Administration Program Award,https://www.scholarab.ca/scholarships/three-m-shopping-centre-business-administration-program-award/,59805,45046,12090,9550
/scholarships/ties-founders-scholarship/,listing,TIES Founder's Scholarship,https://www.scholarab.ca/scholarships/ties-founders-scholarship/,61236,46477,12411,9892
/scholarships/tiessen-foundation-broadcast-scholarship/,listing,Tiessen Foundation Broadcast Scholarship,https://www.scholarab.ca/scholarships/tiessen-foundation-broadcast-scholarship/,58929,44170,11934,9401
/scholarships/timber-dental-scholarship/,listing,Timber Dental Scholarship,https://www.scholarab.ca/scholarships/timber-dental-scholarship/,60849,46090,12259,9771
/scholarships/tolko-high-prairie-scholarship/,listing,Tolko High Prairie Scholarship,https://www.scholarab.ca/scholarships/tolko-high-prairie-scholarship/,61103,46344,12305,9798
/scholarships/tom-and-alice-walker-memorial-bursary/,listing,Tom and Alice Walker Memorial Bursary,https://www.scholarab.ca/scholarships/tom-and-alice-walker-memorial-bursary/,59487,44728,12103,9579
/scholarships/tom-baldwin-memorial-scholarship/,listing,Tom Baldwin Memorial Scholarship,https://www.scholarab.ca/scholarships/tom-baldwin-memorial-scholarship/,61594,46835,12447,9962
/scholarships/tom-inkster-memorial-scholarship/,listing,Tom Inkster Memorial Scholarship,https://www.scholarab.ca/scholarships/tom-inkster-memorial-scholarship/,60228,45469,12178,9646
/scholarships/tony-fullwood-memorial-award/,listing,Tony Fullwood Memorial Award,https://www.scholarab.ca/scholarships/tony-fullwood-memorial-award/,61382,46623,12356,9837
/scholarships/top-apprentice-scholarship/,listing,Top Apprentice Scholarship,https://www.scholarab.ca/scholarships/top-apprentice-scholarship/,58811,44052,11670,9188
/scholarships/town-of-didsbury-high-school-scholarship/,listing,Town of Didsbury High School Scholarship,https://www.scholarab.ca/scholarships/town-of-didsbury-high-school-scholarship/,59204,44445,11841,9331
/scholarships/town-of-okotoks-annual-academic-award/,listing,Town of Okotoks Annual Academic Award,https://www.scholarab.ca/scholarships/town-of-okotoks-annual-academic-award/,59555,44796,11860,9333
/scholarships/trades/,directory,Trades and RAP awards,https://www.scholarab.ca/scholarships/trades/,344443,300278,45714,40198
/scholarships/trak-enterprises-athletic-award/,listing,Trak Enterprises Athletic Award,https://www.scholarab.ca/scholarships/trak-enterprises-athletic-award/,57030,42271,11465,8934
/scholarships/trans-canada-energy-award/,listing,Trans Canada Energy Award,https://www.scholarab.ca/scholarships/trans-canada-energy-award/,59412,44653,12085,9579
/scholarships/trevor-h-shirtliff-difference-maker-scholarship/,listing,Trevor H. Shirtliff Difference Maker Scholarship,https://www.scholarab.ca/scholarships/trevor-h-shirtliff-difference-maker-scholarship/,59261,44502,11810,9300
/scholarships/trevor-vance-memorial-scholarship/,listing,Trevor Vance Memorial Scholarship,https://www.scholarab.ca/scholarships/trevor-vance-memorial-scholarship/,59629,44870,12186,9660
/scholarships/trey-purdie-memorial-scholarship/,listing,Trey Purdie Memorial Scholarship,https://www.scholarab.ca/scholarships/trey-purdie-memorial-scholarship/,57104,42345,11500,8964
/scholarships/twice-but-nice-scholarship/,listing,Twice But Nice Scholarship,https://www.scholarab.ca/scholarships/twice-but-nice-scholarship/,60567,45808,12301,9801
/scholarships/twice-nice-student-award/,listing,Twice Nice Student Award,https://www.scholarab.ca/scholarships/twice-nice-student-award/,58827,44068,11761,9245
/scholarships/tye-friesen-memorial-scholarship/,listing,Tye Friesen Memorial Scholarship,https://www.scholarab.ca/scholarships/tye-friesen-memorial-scholarship/,62062,47303,12545,10042
/scholarships/tylena-readwin-memorial-award/,listing,Tylena Readwin Memorial Award,https://www.scholarab.ca/scholarships/tylena-readwin-memorial-award/,60318,45559,12164,9639
/scholarships/ua-local-488-apprentice-scholarship/,listing,UA Local 488 Apprentice Scholarship,https://www.scholarab.ca/scholarships/ua-local-488-apprentice-scholarship/,58983,44224,11695,9193
/scholarships/ucalgary-pathways-to-medicine-scholarship/,listing,UCalgary Pathways to Medicine Scholarship,https://www.scholarab.ca/scholarships/ucalgary-pathways-to-medicine-scholarship/,59426,44667,11848,9316
/scholarships/ucalgary-presidents-admission-scholarship/,listing,UCalgary President's Admission Scholarship,https://www.scholarab.ca/scholarships/ucalgary-presidents-admission-scholarship/,58894,44135,11675,9144
/scholarships/ufcw-canada-beggs-dowling-mathieu-scholarship/,listing,UFCW Canada Begg's-Dowling-Mathieu Scholarship,https://www.scholarab.ca/scholarships/ufcw-canada-beggs-dowling-mathieu-scholarship/,59591,44832,12169,9609
/scholarships/ufcw-local-401-scholarships/,listing,UFCW Local 401 Scholarships,https://www.scholarab.ca/scholarships/ufcw-local-401-scholarships/,59167,44408,11901,9377
/scholarships/una-nursing-education-scholarship/,listing,UNA Nursing Education Scholarship,https://www.scholarab.ca/scholarships/una-nursing-education-scholarship/,59272,44513,11997,9466
/scholarships/unifor-national-and-regional-council-scholarships/,listing,Unifor National and Regional Council Scholarships,https://www.scholarab.ca/scholarships/unifor-national-and-regional-council-scholarships/,57317,42558,11643,9109
/scholarships/university-of-alberta-turtle-spirit-pathway-award/,listing,University of Alberta Turtle Spirit Pathway Award,https://www.scholarab.ca/scholarships/university-of-alberta-turtle-spirit-pathway-award/,59651,44892,11987,9400
/scholarships/university-of-calgary-undergraduate-awards/,listing,University of Calgary Undergraduate Awards,https://www.scholarab.ca/scholarships/university-of-calgary-undergraduate-awards/,59522,44763,11917,9394
/scholarships/university-of-lethbridge-board-of-governors-award/,listing,University of Lethbridge Board of Governors Award,https://www.scholarab.ca/scholarships/university-of-lethbridge-board-of-governors-award/,61478,46719,12393,9853
/scholarships/university-of-lethbridge-chinook-scholarship/,listing,University of Lethbridge Chinook Scholarship,https://www.scholarab.ca/scholarships/university-of-lethbridge-chinook-scholarship/,59550,44791,11804,9268
/scholarships/university-of-lethbridge-fine-arts-entrance-scholarships/,listing,University of Lethbridge Fine Arts Entrance Scholarships,https://www.scholarab.ca/scholarships/university-of-lethbridge-fine-arts-entrance-scholarships/,61995,47236,12550,10016
/scholarships/university-of-lethbridge-grade-11-merit-award/,listing,University of Lethbridge Grade 11 Merit Award,https://www.scholarab.ca/scholarships/university-of-lethbridge-grade-11-merit-award/,57424,42665,11603,9048
/scholarships/university-of-lethbridge-high-school-entrance-awards/,listing,University of Lethbridge High School Entrance Awards,https://www.scholarab.ca/scholarships/university-of-lethbridge-high-school-entrance-awards/,57378,42619,11507,8965
/scholarships/usw-indigenous-post-secondary-scholarships/,listing,USW Indigenous Post-Secondary Scholarships,https://www.scholarab.ca/scholarships/usw-indigenous-post-secondary-scholarships/,61503,46744,12415,9884
/scholarships/usw-post-secondary-scholarships/,listing,USW Post Secondary Scholarships,https://www.scholarab.ca/scholarships/usw-post-secondary-scholarships/,59180,44421,12126,9602
/scholarships/utility-safety-partners-scholarship/,listing,Utility Safety Partners Scholarship,https://www.scholarab.ca/scholarships/utility-safety-partners-scholarship/,59784,45025,12056,9540
/scholarships/valhalla-charter-school-student-award-fund/,listing,Valhalla Charter School Student Award Fund,https://www.scholarab.ca/scholarships/valhalla-charter-school-student-award-fund/,59161,44402,11758,9247
/scholarships/valour-canada-history-and-heritage-scholarship/,listing,Valour Canada History and Heritage Scholarship,https://www.scholarab.ca/scholarships/valour-canada-history-and-heritage-scholarship/,57701,42942,11758,9218
/scholarships/vappa-student-bursary/,listing,VAPPA Student Bursary,https://www.scholarab.ca/scholarships/vappa-student-bursary/,61660,46901,12628,10102
/scholarships/verna-jean-maisie-hawkins-scholarship/,listing,Verna Jean (Maisie) Hawkins Scholarship,https://www.scholarab.ca/scholarships/verna-jean-maisie-hawkins-scholarship/,62345,47586,12626,10083
/scholarships/vertex-foundation-scholarship/,listing,Vertex Foundation Scholarship,https://www.scholarab.ca/scholarships/vertex-foundation-scholarship/,57071,42312,11656,9114
/scholarships/veteran-and-district-lions-club-scholarship/,listing,Veteran and District Lions Club Scholarship,https://www.scholarab.ca/scholarships/veteran-and-district-lions-club-scholarship/,59559,44800,12122,9617
/scholarships/victoria-lodge-number-13-fellowship-award/,listing,Victoria Lodge Number 13 Fellowship Award,https://www.scholarab.ca/scholarships/victoria-lodge-number-13-fellowship-award/,60466,45707,12336,9804
/scholarships/violet-king-scholarship/,listing,Violet King Scholarship,https://www.scholarab.ca/scholarships/violet-king-scholarship/,61244,46485,12428,9932
/scholarships/violet-m-thomas-nursing-scholarship/,listing,Violet M. Thomas Nursing Scholarship,https://www.scholarab.ca/scholarships/violet-m-thomas-nursing-scholarship/,59740,44981,12268,9760
/scholarships/viscount-bennett-band-parents-bursary/,listing,Viscount Bennett Band Parents Bursary,https://www.scholarab.ca/scholarships/viscount-bennett-band-parents-bursary/,57545,42786,11690,9162
/scholarships/vivian-koval-memorial-scholarship/,listing,Vivian Koval Memorial Scholarship,https://www.scholarab.ca/scholarships/vivian-koval-memorial-scholarship/,58013,43254,11744,9232
/scholarships/voice-for-animals-high-school-scholarship/,listing,Voice for Animals High School Scholarship,https://www.scholarab.ca/scholarships/voice-for-animals-high-school-scholarship/,59621,44862,12023,9490
/scholarships/volleyball-alberta-hugh-hoyles-scholarship-fund/,listing,Volleyball Alberta Hugh Hoyles Scholarship Fund,https://www.scholarab.ca/scholarships/volleyball-alberta-hugh-hoyles-scholarship-fund/,57440,42681,11676,9121
/scholarships/vulcan-county-agricultural-services-bursary/,listing,Vulcan County Agricultural Services Bursary,https://www.scholarab.ca/scholarships/vulcan-county-agricultural-services-bursary/,57040,42281,11588,9034
/scholarships/vulcan-county-cruisers-scholarship/,listing,Vulcan County Cruisers Scholarship,https://www.scholarab.ca/scholarships/vulcan-county-cruisers-scholarship/,61129,46370,12357,9865
/scholarships/w-f-macdonald-scholarship/,listing,W. F. MacDonald Scholarship,https://www.scholarab.ca/scholarships/w-f-macdonald-scholarship/,57410,42651,11599,9068
/scholarships/walter-hayduk-memorial-scholarship/,listing,Walter Hayduk Memorial Scholarship,https://www.scholarab.ca/scholarships/walter-hayduk-memorial-scholarship/,61661,46902,12454,9924
/scholarships/ware-lewis-memorial-scholarship/,listing,Ware & Lewis Memorial Scholarship,https://www.scholarab.ca/scholarships/ware-lewis-memorial-scholarship/,61087,46328,12371,9860
/scholarships/warriors-legacy-endowment-scholarship/,listing,Warriors Legacy Endowment Scholarship,https://www.scholarab.ca/scholarships/warriors-legacy-endowment-scholarship/,60106,45347,12094,9563
/scholarships/warriors-science-award/,listing,Warriors Science Award,https://www.scholarab.ca/scholarships/warriors-science-award/,60128,45369,12050,9527
/scholarships/wayne-ericksen-lions-memorial-scholarship/,listing,Wayne Ericksen Lions Memorial Scholarship,https://www.scholarab.ca/scholarships/wayne-ericksen-lions-memorial-scholarship/,61147,46388,12319,9820
/scholarships/wayne-thomas-award/,listing,Wayne Thomas Award,https://www.scholarab.ca/scholarships/wayne-thomas-award/,60224,45465,12141,9638
/scholarships/wendell-wolfe-memorial-scholarship/,listing,Wendell Wolfe Memorial Scholarship,https://www.scholarab.ca/scholarships/wendell-wolfe-memorial-scholarship/,61111,46352,12280,9795
/scholarships/wendy-cawson-memorial-engineering-entrance-academic-award/,listing,Wendy Cawson Memorial Engineering Entrance Academic Award,https://www.scholarab.ca/scholarships/wendy-cawson-memorial-engineering-entrance-academic-award/,59760,45001,12158,9617
/scholarships/west-fraser-career-development-forestry-scholarship/,listing,West Fraser Career Development Forestry Scholarship,https://www.scholarab.ca/scholarships/west-fraser-career-development-forestry-scholarship/,59844,45085,11884,9369
/scholarships/west-fraser-career-development-scholarship/,listing,West Fraser Career Development Scholarship,https://www.scholarab.ca/scholarships/west-fraser-career-development-scholarship/,59962,45203,11989,9451
/scholarships/west-meadowlark-memorial-scholarship/,listing,West Meadowlark Memorial Scholarship,https://www.scholarab.ca/scholarships/west-meadowlark-memorial-scholarship/,61251,46492,12350,9852
/scholarships/westec-scholarship/,listing,WesTEC Scholarship,https://www.scholarab.ca/scholarships/westec-scholarship/,59437,44678,11913,9411
/scholarships/western-canada-leader-of-tomorrow-award/,listing,Western Canada Leader of Tomorrow Award,https://www.scholarab.ca/scholarships/western-canada-leader-of-tomorrow-award/,60133,45374,12088,9574
/scholarships/western-canada-music-camptour-bursary/,listing,Western Canada Music Camp/Tour Bursary,https://www.scholarab.ca/scholarships/western-canada-music-camptour-bursary/,58167,43408,11775,9258
/scholarships/western-inspirational-award/,listing,Western Inspirational Award,https://www.scholarab.ca/scholarships/western-inspirational-award/,57828,43069,11658,9119
/scholarships/western-inspirational-bursary-award/,listing,Western Inspirational Bursary Award,https://www.scholarab.ca/scholarships/western-inspirational-bursary-award/,62163,47404,12594,10084
/scholarships/western-wheel-journalism-award/,listing,Western Wheel Journalism Award,https://www.scholarab.ca/scholarships/western-wheel-journalism-award/,59400,44641,11845,9304
/scholarships/western-wheel-visual-communications-technology-scholarship/,listing,Western Wheel Visual Communications Technology Scholarship,https://www.scholarab.ca/scholarships/western-wheel-visual-communications-technology-scholarship/,59809,45050,11873,9349
/scholarships/westmoreland-coal-company-award/,listing,Westmoreland Coal Company Award,https://www.scholarab.ca/scholarships/westmoreland-coal-company-award/,58460,43701,11549,9019
/scholarships/weston-pitcher-scholarship/,listing,Weston Pitcher Scholarship,https://www.scholarab.ca/scholarships/weston-pitcher-scholarship/,57582,42823,11632,9140
/scholarships/wetaskiwin/,directory,Wetaskiwin scholarships,https://www.scholarab.ca/scholarships/wetaskiwin/,143175,117378,22472,19176
/scholarships/wetaskiwin-agricultural-society-freda-nelles-memorial-scholarship/,listing,Wetaskiwin Agricultural Society Freda Nelles Memorial Scholarship,https://www.scholarab.ca/scholarships/wetaskiwin-agricultural-society-freda-nelles-memorial-scholarship/,60259,45500,11976,9434
/scholarships/wetaskiwin-family-dental-scholarship/,listing,Wetaskiwin Family Dental Scholarship,https://www.scholarab.ca/scholarships/wetaskiwin-family-dental-scholarship/,57798,43039,11636,9149
/scholarships/wetaskiwin-legion-branch-86-award/,listing,Wetaskiwin Legion Branch #86 Award,https://www.scholarab.ca/scholarships/wetaskiwin-legion-branch-86-award/,57704,42945,11617,9113
/scholarships/weyerhaeuser-grande-prairie-local-scholarship/,listing,Weyerhaeuser Grande Prairie Local Scholarship,https://www.scholarab.ca/scholarships/weyerhaeuser-grande-prairie-local-scholarship/,59301,44542,11795,9293
/scholarships/wheatland-county-agricultural-service-board-scholarship/,listing,Wheatland County Agricultural Service Board Scholarship,https://www.scholarab.ca/scholarships/wheatland-county-agricultural-service-board-scholarship/,59064,44305,11715,9169
/scholarships/wheatland-county-community-benefit-scholarship/,listing,Wheatland County Community Benefit Scholarship,https://www.scholarab.ca/scholarships/wheatland-county-community-benefit-scholarship/,56913,42154,11481,8948
/scholarships/whitelaw-history-book-scholarship/,listing,Whitelaw History Book Scholarship,https://www.scholarab.ca/scholarships/whitelaw-history-book-scholarship/,58482,43723,11875,9354
/scholarships/william-aberhart-alumni-scholarship/,listing,William Aberhart Alumni Scholarship,https://www.scholarab.ca/scholarships/william-aberhart-alumni-scholarship/,60161,45402,12020,9518
/scholarships/william-arthur-bower-memorial-scholarship/,listing,William Arthur Bower Memorial Scholarship,https://www.scholarab.ca/scholarships/william-arthur-bower-memorial-scholarship/,57829,43070,11615,9076
/scholarships/william-g-davis-scholarship/,listing,William G. Davis Scholarship,https://www.scholarab.ca/scholarships/william-g-davis-scholarship/,59237,44478,11890,9378
/scholarships/william-keir-macgougan-memorial-bursary/,listing,William Keir MacGougan Memorial Bursary,https://www.scholarab.ca/scholarships/william-keir-macgougan-memorial-bursary/,59622,44863,11939,9393
/scholarships/willow-creek-composite-high-school-staff-selected-awards/,listing,Willow Creek Composite High School Staff-Selected Awards,https://www.scholarab.ca/scholarships/willow-creek-composite-high-school-staff-selected-awards/,59117,44358,11882,9337
/scholarships/windmill-theatre-players-drama-award/,listing,Windmill Theatre Players Drama Award,https://www.scholarab.ca/scholarships/windmill-theatre-players-drama-award/,59502,44743,11790,9256
/scholarships/winspear-fund-scholarships-for-classical-music/,listing,Winspear Fund Scholarships for Classical Music,https://www.scholarab.ca/scholarships/winspear-fund-scholarships-for-classical-music/,57446,42687,11639,9081
/scholarships/wolf-creek-ata-scholarship/,listing,Wolf Creek ATA Scholarship,https://www.scholarab.ca/scholarships/wolf-creek-ata-scholarship/,61898,47139,12505,10006
/scholarships/wolf-creek-public-schools-cts-scholarship/,listing,Wolf Creek Public Schools CTS Scholarship,https://www.scholarab.ca/scholarships/wolf-creek-public-schools-cts-scholarship/,62140,47381,12509,9973
/scholarships/wolf-creek-public-schools-scholarship/,listing,Wolf Creek Public Schools Scholarship,https://www.scholarab.ca/scholarships/wolf-creek-public-schools-scholarship/,60114,45355,12223,9730
/scholarships/wolf-midstream-award/,listing,Wolf Midstream Award,https://www.scholarab.ca/scholarships/wolf-midstream-award/,61608,46849,12517,9982
/scholarships/wolf-scholars-program/,listing,Wolf Scholars Program,https://www.scholarab.ca/scholarships/wolf-scholars-program/,61098,46339,12327,9820
/scholarships/wolves-minor-basketball-fund/,listing,Wolves Minor Basketball Fund,https://www.scholarab.ca/scholarships/wolves-minor-basketball-fund/,58998,44239,11803,9303
/scholarships/women-in-stem-scholarship/,listing,Women in STEM Scholarship,https://www.scholarab.ca/scholarships/women-in-stem-scholarship/,58721,43962,11721,9196
/scholarships/women-in-technical-and-applied-arts-scholarship/,listing,Women in Technical and Applied Arts Scholarship,https://www.scholarab.ca/scholarships/women-in-technical-and-applied-arts-scholarship/,59007,44248,11761,9226
/scholarships/wood-buffalo-indigenous-achievement-awards/,listing,Wood Buffalo Indigenous Achievement Awards,https://www.scholarab.ca/scholarships/wood-buffalo-indigenous-achievement-awards/,61667,46908,12392,9871
/scholarships/woodlands-county-agriculture-bursary/,listing,Woodlands County Agriculture Bursary,https://www.scholarab.ca/scholarships/woodlands-county-agriculture-bursary/,61436,46677,12390,9855
/scholarships/woodlands-county-apprenticeship-bursary/,listing,Woodlands County Apprenticeship Bursary,https://www.scholarab.ca/scholarships/woodlands-county-apprenticeship-bursary/,59187,44428,11723,9205
/scholarships/woodlands-county-post-secondary-bursary/,listing,Woodlands County Post-Secondary Bursary,https://www.scholarab.ca/scholarships/woodlands-county-post-secondary-bursary/,61301,46542,12361,9859
/scholarships/workun-garrick-partnership-award/,listing,Workun Garrick Partnership Award,https://www.scholarab.ca/scholarships/workun-garrick-partnership-award/,61984,47225,12464,9941
/scholarships/worldskills-provincial-champion-scholarship/,listing,WorldSkills Provincial Champion Scholarship,https://www.scholarab.ca/scholarships/worldskills-provincial-champion-scholarship/,57113,42354,11419,8874
/scholarships/worleycord-lp-engineering-award/,listing,WorleyCord LP Engineering Award,https://www.scholarab.ca/scholarships/worleycord-lp-engineering-award/,59414,44655,12027,9530
/scholarships/xerox-scholarship-award-for-business-and-entrepreneurship/,listing,Xerox Scholarship Award for Business and Entrepreneurship,https://www.scholarab.ca/scholarships/xerox-scholarship-award-for-business-and-entrepreneurship/,60116,45357,12231,9709
/scholarships/yellowhead-county-agricultural-service-board-bursary/,listing,Yellowhead County Agricultural Service Board Bursary,https://www.scholarab.ca/scholarships/yellowhead-county-agricultural-service-board-bursary/,56843,42084,11486,8934
/scholarships/ymca-of-lethbridge-lifeguard-certification-scholarship/,listing,YMCA of Lethbridge Lifeguard Certification Scholarship,https://www.scholarab.ca/scholarships/ymca-of-lethbridge-lifeguard-certification-scholarship/,62090,47331,12569,10029
/scholarships/youth-climate-action-bursary/,listing,Youth Climate Action Bursary,https://www.scholarab.ca/scholarships/youth-climate-action-bursary/,60575,45816,12136,9594
/scholarships/youth-climate-activist-prize/,listing,Youth Climate Activist Prize,https://www.scholarab.ca/scholarships/youth-climate-activist-prize/,59270,44511,11937,9416
/scholarships/zutz-family-scholarship/,listing,Zutz Family Scholarship,https://www.scholarab.ca/scholarships/zutz-family-scholarship/,57385,42626,11559,9044
/templates/reference-letter/,authored,Reference letter request template,https://www.scholarab.ca/templates/reference-letter/,56973,40193,12440,9105
/terms/,authored,"Free to use, worth double-checking.",https://www.scholarab.ca/terms/,57009,42060,12458,9887
/updates/,authored,What has changed,https://www.scholarab.ca/updates/,96696,81936,18326,16104
